GEO.id,GEO.id2,GEO.display-label,HD01_VD01,HD02_VD01
Id,Id2,Geography,Estimate; Median household income in the past 12 months (in 2015 Inflation-adjusted dollars),Margin of Error; Median household income in the past 12 months (in 2015 Inflation-adjusted dollars)
1500000US130890201001,130890201001,"Block Group 1, Census Tract 201, DeKalb County, Georgia",153177,26899
1500000US130890202001,130890202001,"Block Group 1, Census Tract 202, DeKalb County, Georgia",134250,71192
1500000US130890202002,130890202002,"Block Group 2, Census Tract 202, DeKalb County, Georgia",70260,17042
1500000US130890203001,130890203001,"Block Group 1, Census Tract 203, DeKalb County, Georgia",118472,43563
1500000US130890203002,130890203002,"Block Group 2, Census Tract 203, DeKalb County, Georgia",143182,66133
1500000US130890203003,130890203003,"Block Group 3, Census Tract 203, DeKalb County, Georgia",86750,24173
1500000US130890204001,130890204001,"Block Group 1, Census Tract 204, DeKalb County, Georgia",77235,7197
1500000US130890204002,130890204002,"Block Group 2, Census Tract 204, DeKalb County, Georgia",90664,29942
1500000US130890205001,130890205001,"Block Group 1, Census Tract 205, DeKalb County, Georgia",27896,11240
1500000US130890205002,130890205002,"Block Group 2, Census Tract 205, DeKalb County, Georgia",50817,11199
1500000US130890206001,130890206001,"Block Group 1, Census Tract 206, DeKalb County, Georgia",32841,20357
1500000US130890206002,130890206002,"Block Group 2, Census Tract 206, DeKalb County, Georgia",40521,6432
1500000US130890207001,130890207001,"Block Group 1, Census Tract 207, DeKalb County, Georgia",46771,10360
1500000US130890208011,130890208011,"Block Group 1, Census Tract 208.01, DeKalb County, Georgia",87073,11489
1500000US130890208012,130890208012,"Block Group 2, Census Tract 208.01, DeKalb County, Georgia",63828,18114
1500000US130890208021,130890208021,"Block Group 1, Census Tract 208.02, DeKalb County, Georgia",59643,27472
1500000US130890208022,130890208022,"Block Group 2, Census Tract 208.02, DeKalb County, Georgia",32857,12015
1500000US130890208023,130890208023,"Block Group 3, Census Tract 208.02, DeKalb County, Georgia",63958,21636
1500000US130890208024,130890208024,"Block Group 4, Census Tract 208.02, DeKalb County, Georgia",69178,24687
1500000US130890209001,130890209001,"Block Group 1, Census Tract 209, DeKalb County, Georgia",45425,10994
1500000US130890209003,130890209003,"Block Group 3, Census Tract 209, DeKalb County, Georgia",50667,28621
1500000US130890209004,130890209004,"Block Group 4, Census Tract 209, DeKalb County, Georgia",49264,8433
1500000US130890211011,130890211011,"Block Group 1, Census Tract 211.01, DeKalb County, Georgia",128333,31228
1500000US130890211021,130890211021,"Block Group 1, Census Tract 211.02, DeKalb County, Georgia",61825,25135
1500000US130890211022,130890211022,"Block Group 2, Census Tract 211.02, DeKalb County, Georgia",109327,31857
1500000US130890211023,130890211023,"Block Group 3, Census Tract 211.02, DeKalb County, Georgia",62209,44807
1500000US130890211024,130890211024,"Block Group 4, Census Tract 211.02, DeKalb County, Georgia",75878,14480
1500000US130890212021,130890212021,"Block Group 1, Census Tract 212.02, DeKalb County, Georgia",73869,27775
1500000US130890212022,130890212022,"Block Group 2, Census Tract 212.02, DeKalb County, Georgia",125375,40134
1500000US130890212023,130890212023,"Block Group 3, Census Tract 212.02, DeKalb County, Georgia",87083,32210
1500000US130890212041,130890212041,"Block Group 1, Census Tract 212.04, DeKalb County, Georgia",23514,4211
1500000US130890212042,130890212042,"Block Group 2, Census Tract 212.04, DeKalb County, Georgia",23403,12966
1500000US130890212043,130890212043,"Block Group 3, Census Tract 212.04, DeKalb County, Georgia",27104,14045
1500000US130890212081,130890212081,"Block Group 1, Census Tract 212.08, DeKalb County, Georgia",51649,9040
1500000US130890212082,130890212082,"Block Group 2, Census Tract 212.08, DeKalb County, Georgia",72955,21359
1500000US130890212091,130890212091,"Block Group 1, Census Tract 212.09, DeKalb County, Georgia",91838,40181
1500000US130890212092,130890212092,"Block Group 2, Census Tract 212.09, DeKalb County, Georgia",58271,10272
1500000US130890212093,130890212093,"Block Group 3, Census Tract 212.09, DeKalb County, Georgia",47321,25568
1500000US130890212094,130890212094,"Block Group 4, Census Tract 212.09, DeKalb County, Georgia",96513,32406
1500000US130890212101,130890212101,"Block Group 1, Census Tract 212.10, DeKalb County, Georgia",116806,42799
1500000US130890212102,130890212102,"Block Group 2, Census Tract 212.10, DeKalb County, Georgia",93036,50468
1500000US130890212103,130890212103,"Block Group 3, Census Tract 212.10, DeKalb County, Georgia",148229,23112
1500000US130890212111,130890212111,"Block Group 1, Census Tract 212.11, DeKalb County, Georgia",93011,25941
1500000US130890212112,130890212112,"Block Group 2, Census Tract 212.11, DeKalb County, Georgia",107813,19885
1500000US130890212113,130890212113,"Block Group 3, Census Tract 212.11, DeKalb County, Georgia",102250,18570
1500000US130890212131,130890212131,"Block Group 1, Census Tract 212.13, DeKalb County, Georgia",97841,41115
1500000US130890212132,130890212132,"Block Group 2, Census Tract 212.13, DeKalb County, Georgia",166750,24695
1500000US130890212141,130890212141,"Block Group 1, Census Tract 212.14, DeKalb County, Georgia",111875,20419
1500000US130890212142,130890212142,"Block Group 2, Census Tract 212.14, DeKalb County, Georgia",107262,12967
1500000US130890212143,130890212143,"Block Group 3, Census Tract 212.14, DeKalb County, Georgia",97875,45875
1500000US130890212151,130890212151,"Block Group 1, Census Tract 212.15, DeKalb County, Georgia",92583,15146
1500000US130890212152,130890212152,"Block Group 2, Census Tract 212.15, DeKalb County, Georgia",103968,10823
1500000US130890212161,130890212161,"Block Group 1, Census Tract 212.16, DeKalb County, Georgia",114949,85310
1500000US130890212162,130890212162,"Block Group 2, Census Tract 212.16, DeKalb County, Georgia",67225,9847
1500000US130890212163,130890212163,"Block Group 3, Census Tract 212.16, DeKalb County, Georgia",44375,16567
1500000US130890212171,130890212171,"Block Group 1, Census Tract 212.17, DeKalb County, Georgia",72700,17202
1500000US130890212181,130890212181,"Block Group 1, Census Tract 212.18, DeKalb County, Georgia",38250,14215
1500000US130890212182,130890212182,"Block Group 2, Census Tract 212.18, DeKalb County, Georgia",58148,12019
1500000US130890212183,130890212183,"Block Group 3, Census Tract 212.18, DeKalb County, Georgia",43869,6280
1500000US130890213012,130890213012,"Block Group 2, Census Tract 213.01, DeKalb County, Georgia",41647,6362
1500000US130890213031,130890213031,"Block Group 1, Census Tract 213.03, DeKalb County, Georgia",32866,4500
1500000US130890213032,130890213032,"Block Group 2, Census Tract 213.03, DeKalb County, Georgia",46688,9005
1500000US130890213033,130890213033,"Block Group 3, Census Tract 213.03, DeKalb County, Georgia",32256,7089
1500000US130890213051,130890213051,"Block Group 1, Census Tract 213.05, DeKalb County, Georgia",100882,44449
1500000US130890213052,130890213052,"Block Group 2, Census Tract 213.05, DeKalb County, Georgia",34500,6842
1500000US130890213061,130890213061,"Block Group 1, Census Tract 213.06, DeKalb County, Georgia",43616,9834
1500000US130890213062,130890213062,"Block Group 2, Census Tract 213.06, DeKalb County, Georgia",53105,15082
1500000US130890213063,130890213063,"Block Group 3, Census Tract 213.06, DeKalb County, Georgia",38382,7081
1500000US130890213071,130890213071,"Block Group 1, Census Tract 213.07, DeKalb County, Georgia",47750,12072
1500000US130890213072,130890213072,"Block Group 2, Census Tract 213.07, DeKalb County, Georgia",46190,5262
1500000US130890213081,130890213081,"Block Group 1, Census Tract 213.08, DeKalb County, Georgia",47619,14940
1500000US130890213082,130890213082,"Block Group 2, Census Tract 213.08, DeKalb County, Georgia",47500,28877
1500000US130890213083,130890213083,"Block Group 3, Census Tract 213.08, DeKalb County, Georgia",42000,12138
1500000US130890214051,130890214051,"Block Group 1, Census Tract 214.05, DeKalb County, Georgia",88833,46480
1500000US130890214052,130890214052,"Block Group 2, Census Tract 214.05, DeKalb County, Georgia",97031,24957
1500000US130890214053,130890214053,"Block Group 3, Census Tract 214.05, DeKalb County, Georgia",130417,31683
1500000US130890214091,130890214091,"Block Group 1, Census Tract 214.09, DeKalb County, Georgia",36875,10703
1500000US130890214092,130890214092,"Block Group 2, Census Tract 214.09, DeKalb County, Georgia",40972,18009
1500000US130890214101,130890214101,"Block Group 1, Census Tract 214.10, DeKalb County, Georgia",46250,9027
1500000US130890214102,130890214102,"Block Group 2, Census Tract 214.10, DeKalb County, Georgia",37770,14412
1500000US130890214103,130890214103,"Block Group 3, Census Tract 214.10, DeKalb County, Georgia",66700,8409
1500000US130890214111,130890214111,"Block Group 1, Census Tract 214.11, DeKalb County, Georgia",73250,25731
1500000US130890214112,130890214112,"Block Group 2, Census Tract 214.11, DeKalb County, Georgia",89545,27308
1500000US130890214121,130890214121,"Block Group 1, Census Tract 214.12, DeKalb County, Georgia",122625,25976
1500000US130890214122,130890214122,"Block Group 2, Census Tract 214.12, DeKalb County, Georgia",63750,20792
1500000US130890214123,130890214123,"Block Group 3, Census Tract 214.12, DeKalb County, Georgia",104345,32068
1500000US130890214131,130890214131,"Block Group 1, Census Tract 214.13, DeKalb County, Georgia",38750,10157
1500000US130890214132,130890214132,"Block Group 2, Census Tract 214.13, DeKalb County, Georgia",27596,8743
1500000US130890214141,130890214141,"Block Group 1, Census Tract 214.14, DeKalb County, Georgia",36607,3987
1500000US130890214142,130890214142,"Block Group 2, Census Tract 214.14, DeKalb County, Georgia",40667,9552
1500000US130890214151,130890214151,"Block Group 1, Census Tract 214.15, DeKalb County, Georgia",116111,46464
1500000US130890214152,130890214152,"Block Group 2, Census Tract 214.15, DeKalb County, Georgia",62863,19264
1500000US130890214153,130890214153,"Block Group 3, Census Tract 214.15, DeKalb County, Georgia",85625,42839
1500000US130890214161,130890214161,"Block Group 1, Census Tract 214.16, DeKalb County, Georgia",34423,19845
1500000US130890214162,130890214162,"Block Group 2, Census Tract 214.16, DeKalb County, Georgia",86250,18809
1500000US130890214171,130890214171,"Block Group 1, Census Tract 214.17, DeKalb County, Georgia",51120,14053
1500000US130890214172,130890214172,"Block Group 2, Census Tract 214.17, DeKalb County, Georgia",51694,11568
1500000US130890214173,130890214173,"Block Group 3, Census Tract 214.17, DeKalb County, Georgia",32056,5148
1500000US130890215021,130890215021,"Block Group 1, Census Tract 215.02, DeKalb County, Georgia",50378,7694
1500000US130890215022,130890215022,"Block Group 2, Census Tract 215.02, DeKalb County, Georgia",118125,37443
1500000US130890215023,130890215023,"Block Group 3, Census Tract 215.02, DeKalb County, Georgia",55449,15251
1500000US130890215031,130890215031,"Block Group 1, Census Tract 215.03, DeKalb County, Georgia",42575,6661
1500000US130890215032,130890215032,"Block Group 2, Census Tract 215.03, DeKalb County, Georgia",101944,26384
1500000US130890215033,130890215033,"Block Group 3, Census Tract 215.03, DeKalb County, Georgia",33542,9842
1500000US130890215041,130890215041,"Block Group 1, Census Tract 215.04, DeKalb County, Georgia",53125,17181
1500000US130890215042,130890215042,"Block Group 2, Census Tract 215.04, DeKalb County, Georgia",49547,18339
1500000US130890215043,130890215043,"Block Group 3, Census Tract 215.04, DeKalb County, Georgia",68277,28463
1500000US130890216021,130890216021,"Block Group 1, Census Tract 216.02, DeKalb County, Georgia",45078,12660
1500000US130890216022,130890216022,"Block Group 2, Census Tract 216.02, DeKalb County, Georgia",88798,46709
1500000US130890216031,130890216031,"Block Group 1, Census Tract 216.03, DeKalb County, Georgia",49663,43263
1500000US130890216032,130890216032,"Block Group 2, Census Tract 216.03, DeKalb County, Georgia",51933,3722
1500000US130890216033,130890216033,"Block Group 3, Census Tract 216.03, DeKalb County, Georgia",67062,8281
1500000US130890216041,130890216041,"Block Group 1, Census Tract 216.04, DeKalb County, Georgia",126184,59653
1500000US130890216042,130890216042,"Block Group 2, Census Tract 216.04, DeKalb County, Georgia",131094,16381
1500000US130890216051,130890216051,"Block Group 1, Census Tract 216.05, DeKalb County, Georgia",90547,26536
1500000US130890216052,130890216052,"Block Group 2, Census Tract 216.05, DeKalb County, Georgia",137500,23260
1500000US130890216053,130890216053,"Block Group 3, Census Tract 216.05, DeKalb County, Georgia",29622,6192
1500000US130890217031,130890217031,"Block Group 1, Census Tract 217.03, DeKalb County, Georgia",94432,29489
1500000US130890217032,130890217032,"Block Group 2, Census Tract 217.03, DeKalb County, Georgia",153482,28315
1500000US130890217041,130890217041,"Block Group 1, Census Tract 217.04, DeKalb County, Georgia",53476,7730
1500000US130890217042,130890217042,"Block Group 2, Census Tract 217.04, DeKalb County, Georgia",86023,50934
1500000US130890217043,130890217043,"Block Group 3, Census Tract 217.04, DeKalb County, Georgia",133403,27865
1500000US130890217051,130890217051,"Block Group 1, Census Tract 217.05, DeKalb County, Georgia",32258,10436
1500000US130890217052,130890217052,"Block Group 2, Census Tract 217.05, DeKalb County, Georgia",38625,12539
1500000US130890217053,130890217053,"Block Group 3, Census Tract 217.05, DeKalb County, Georgia",40486,11666
1500000US130890217061,130890217061,"Block Group 1, Census Tract 217.06, DeKalb County, Georgia",109063,35899
1500000US130890217062,130890217062,"Block Group 2, Census Tract 217.06, DeKalb County, Georgia",45000,11889
1500000US130890217063,130890217063,"Block Group 3, Census Tract 217.06, DeKalb County, Georgia",130125,34870
1500000US130890217064,130890217064,"Block Group 4, Census Tract 217.06, DeKalb County, Georgia",82321,15676
1500000US130890218051,130890218051,"Block Group 1, Census Tract 218.05, DeKalb County, Georgia",75212,7164
1500000US130890218052,130890218052,"Block Group 2, Census Tract 218.05, DeKalb County, Georgia",50547,8183
1500000US130890218053,130890218053,"Block Group 3, Census Tract 218.05, DeKalb County, Georgia",36667,10331
1500000US130890218061,130890218061,"Block Group 1, Census Tract 218.06, DeKalb County, Georgia",38279,10978
1500000US130890218062,130890218062,"Block Group 2, Census Tract 218.06, DeKalb County, Georgia",73813,12540
1500000US130890218063,130890218063,"Block Group 3, Census Tract 218.06, DeKalb County, Georgia",30712,5072
1500000US130890218081,130890218081,"Block Group 1, Census Tract 218.08, DeKalb County, Georgia",82917,16048
1500000US130890218082,130890218082,"Block Group 2, Census Tract 218.08, DeKalb County, Georgia",52955,9578
1500000US130890218091,130890218091,"Block Group 1, Census Tract 218.09, DeKalb County, Georgia",55000,30344
1500000US130890218092,130890218092,"Block Group 2, Census Tract 218.09, DeKalb County, Georgia",65859,27437
1500000US130890218093,130890218093,"Block Group 3, Census Tract 218.09, DeKalb County, Georgia",113825,6364
1500000US130890218094,130890218094,"Block Group 4, Census Tract 218.09, DeKalb County, Georgia",94904,44151
1500000US130890218095,130890218095,"Block Group 5, Census Tract 218.09, DeKalb County, Georgia",136250,71949
1500000US130890218101,130890218101,"Block Group 1, Census Tract 218.10, DeKalb County, Georgia",55052,14940
1500000US130890218102,130890218102,"Block Group 2, Census Tract 218.10, DeKalb County, Georgia",89815,26154
1500000US130890218103,130890218103,"Block Group 3, Census Tract 218.10, DeKalb County, Georgia",95063,29428
1500000US130890218121,130890218121,"Block Group 1, Census Tract 218.12, DeKalb County, Georgia",61597,18679
1500000US130890218122,130890218122,"Block Group 2, Census Tract 218.12, DeKalb County, Georgia",66250,16928
1500000US130890218131,130890218131,"Block Group 1, Census Tract 218.13, DeKalb County, Georgia",33418,6374
1500000US130890218141,130890218141,"Block Group 1, Census Tract 218.14, DeKalb County, Georgia",35826,7954
1500000US130890218142,130890218142,"Block Group 2, Census Tract 218.14, DeKalb County, Georgia",58977,28984
1500000US130890218143,130890218143,"Block Group 3, Census Tract 218.14, DeKalb County, Georgia",30189,8329
1500000US130890218144,130890218144,"Block Group 4, Census Tract 218.14, DeKalb County, Georgia",21164,4760
1500000US130890219061,130890219061,"Block Group 1, Census Tract 219.06, DeKalb County, Georgia",55357,33166
1500000US130890219062,130890219062,"Block Group 2, Census Tract 219.06, DeKalb County, Georgia",30128,6949
1500000US130890219063,130890219063,"Block Group 3, Census Tract 219.06, DeKalb County, Georgia",39968,6273
1500000US130890219071,130890219071,"Block Group 1, Census Tract 219.07, DeKalb County, Georgia",78810,11768
1500000US130890219072,130890219072,"Block Group 2, Census Tract 219.07, DeKalb County, Georgia",52286,19282
1500000US130890219073,130890219073,"Block Group 3, Census Tract 219.07, DeKalb County, Georgia",29323,9194
1500000US130890219081,130890219081,"Block Group 1, Census Tract 219.08, DeKalb County, Georgia",36719,27248
1500000US130890219082,130890219082,"Block Group 2, Census Tract 219.08, DeKalb County, Georgia",31144,9555
1500000US130890219091,130890219091,"Block Group 1, Census Tract 219.09, DeKalb County, Georgia",35511,10348
1500000US130890219093,130890219093,"Block Group 3, Census Tract 219.09, DeKalb County, Georgia",32687,8004
1500000US130890219094,130890219094,"Block Group 4, Census Tract 219.09, DeKalb County, Georgia",35517,12129
1500000US130890219101,130890219101,"Block Group 1, Census Tract 219.10, DeKalb County, Georgia",38448,10378
1500000US130890219102,130890219102,"Block Group 2, Census Tract 219.10, DeKalb County, Georgia",72292,42740
1500000US130890219103,130890219103,"Block Group 3, Census Tract 219.10, DeKalb County, Georgia",40179,7112
1500000US130890219111,130890219111,"Block Group 1, Census Tract 219.11, DeKalb County, Georgia",21909,5780
1500000US130890219112,130890219112,"Block Group 2, Census Tract 219.11, DeKalb County, Georgia",20720,3545
1500000US130890219121,130890219121,"Block Group 1, Census Tract 219.12, DeKalb County, Georgia",81071,67008
1500000US130890219122,130890219122,"Block Group 2, Census Tract 219.12, DeKalb County, Georgia",111250,26577
1500000US130890219123,130890219123,"Block Group 3, Census Tract 219.12, DeKalb County, Georgia",123750,59675
1500000US130890219131,130890219131,"Block Group 1, Census Tract 219.13, DeKalb County, Georgia",27353,5675
1500000US130890219132,130890219132,"Block Group 2, Census Tract 219.13, DeKalb County, Georgia",34098,3018
1500000US130890219133,130890219133,"Block Group 3, Census Tract 219.13, DeKalb County, Georgia",25747,2513
1500000US130890220011,130890220011,"Block Group 1, Census Tract 220.01, DeKalb County, Georgia",65905,4792
1500000US130890220012,130890220012,"Block Group 2, Census Tract 220.01, DeKalb County, Georgia",66406,10424
1500000US130890220041,130890220041,"Block Group 1, Census Tract 220.04, DeKalb County, Georgia",47639,12550
1500000US130890220042,130890220042,"Block Group 2, Census Tract 220.04, DeKalb County, Georgia",48333,13853
1500000US130890220043,130890220043,"Block Group 3, Census Tract 220.04, DeKalb County, Georgia",55559,9418
1500000US130890220051,130890220051,"Block Group 1, Census Tract 220.05, DeKalb County, Georgia",41573,11690
1500000US130890220052,130890220052,"Block Group 2, Census Tract 220.05, DeKalb County, Georgia",29750,4645
1500000US130890220053,130890220053,"Block Group 3, Census Tract 220.05, DeKalb County, Georgia",31176,10389
1500000US130890220071,130890220071,"Block Group 1, Census Tract 220.07, DeKalb County, Georgia",32372,6050
1500000US130890220072,130890220072,"Block Group 2, Census Tract 220.07, DeKalb County, Georgia",26117,4815
1500000US130890220081,130890220081,"Block Group 1, Census Tract 220.08, DeKalb County, Georgia",53150,29082
1500000US130890220082,130890220082,"Block Group 2, Census Tract 220.08, DeKalb County, Georgia",28485,10627
1500000US130890220083,130890220083,"Block Group 3, Census Tract 220.08, DeKalb County, Georgia",19270,3788
1500000US130890220084,130890220084,"Block Group 4, Census Tract 220.08, DeKalb County, Georgia",30852,8460
1500000US130890220091,130890220091,"Block Group 1, Census Tract 220.09, DeKalb County, Georgia",38622,11188
1500000US130890220092,130890220092,"Block Group 2, Census Tract 220.09, DeKalb County, Georgia",36156,8494
1500000US130890220093,130890220093,"Block Group 3, Census Tract 220.09, DeKalb County, Georgia",33438,8753
1500000US130890220101,130890220101,"Block Group 1, Census Tract 220.10, DeKalb County, Georgia",41538,3553
1500000US130890221001,130890221001,"Block Group 1, Census Tract 221, DeKalb County, Georgia",35517,6972
1500000US130890221002,130890221002,"Block Group 2, Census Tract 221, DeKalb County, Georgia",31597,12364
1500000US130890222031,130890222031,"Block Group 1, Census Tract 222.03, DeKalb County, Georgia",47026,8441
1500000US130890222041,130890222041,"Block Group 1, Census Tract 222.04, DeKalb County, Georgia",41063,18145
1500000US130890222042,130890222042,"Block Group 2, Census Tract 222.04, DeKalb County, Georgia",49268,18236
1500000US130890222043,130890222043,"Block Group 3, Census Tract 222.04, DeKalb County, Georgia",42328,27581
1500000US130890222044,130890222044,"Block Group 4, Census Tract 222.04, DeKalb County, Georgia",33682,22125
1500000US130890223011,130890223011,"Block Group 1, Census Tract 223.01, DeKalb County, Georgia",65962,3885
1500000US130890223012,130890223012,"Block Group 2, Census Tract 223.01, DeKalb County, Georgia",20529,6474
1500000US130890223013,130890223013,"Block Group 3, Census Tract 223.01, DeKalb County, Georgia",69818,6353
1500000US130890223014,130890223014,"Block Group 4, Census Tract 223.01, DeKalb County, Georgia",111563,31573
1500000US130890223015,130890223015,"Block Group 5, Census Tract 223.01, DeKalb County, Georgia",31042,16897
1500000US130890223021,130890223021,"Block Group 1, Census Tract 223.02, DeKalb County, Georgia",81923,21593
1500000US130890223022,130890223022,"Block Group 2, Census Tract 223.02, DeKalb County, Georgia",41576,35932
1500000US130890223023,130890223023,"Block Group 3, Census Tract 223.02, DeKalb County, Georgia",71484,22433
1500000US130890224011,130890224011,"Block Group 1, Census Tract 224.01, DeKalb County, Georgia",61875,12197
1500000US130890224013,130890224013,"Block Group 3, Census Tract 224.01, DeKalb County, Georgia",122083,34723
1500000US130890224021,130890224021,"Block Group 1, Census Tract 224.02, DeKalb County, Georgia",46645,11686
1500000US130890224022,130890224022,"Block Group 2, Census Tract 224.02, DeKalb County, Georgia",30677,12344
1500000US130890224031,130890224031,"Block Group 1, Census Tract 224.03, DeKalb County, Georgia",145781,36244
1500000US130890224032,130890224032,"Block Group 2, Census Tract 224.03, DeKalb County, Georgia",115375,41024
1500000US130890224033,130890224033,"Block Group 3, Census Tract 224.03, DeKalb County, Georgia",161250,64619
1500000US130890225001,130890225001,"Block Group 1, Census Tract 225, DeKalb County, Georgia",15042,12449
1500000US130890225002,130890225002,"Block Group 2, Census Tract 225, DeKalb County, Georgia",108833,49611
1500000US130890225003,130890225003,"Block Group 3, Census Tract 225, DeKalb County, Georgia",116250,37542
1500000US130890225004,130890225004,"Block Group 4, Census Tract 225, DeKalb County, Georgia",111944,29750
1500000US130890226001,130890226001,"Block Group 1, Census Tract 226, DeKalb County, Georgia",105300,26811
1500000US130890226002,130890226002,"Block Group 2, Census Tract 226, DeKalb County, Georgia",65784,10077
1500000US130890226003,130890226003,"Block Group 3, Census Tract 226, DeKalb County, Georgia",70345,15492
1500000US130890227001,130890227001,"Block Group 1, Census Tract 227, DeKalb County, Georgia",113370,15503
1500000US130890227002,130890227002,"Block Group 2, Census Tract 227, DeKalb County, Georgia",96094,25698
1500000US130890227003,130890227003,"Block Group 3, Census Tract 227, DeKalb County, Georgia",59318,21034
1500000US130890228001,130890228001,"Block Group 1, Census Tract 228, DeKalb County, Georgia",86136,57296
1500000US130890228002,130890228002,"Block Group 2, Census Tract 228, DeKalb County, Georgia",88500,25259
1500000US130890228003,130890228003,"Block Group 3, Census Tract 228, DeKalb County, Georgia",109028,22680
1500000US130890229001,130890229001,"Block Group 1, Census Tract 229, DeKalb County, Georgia",70771,4942
1500000US130890229002,130890229002,"Block Group 2, Census Tract 229, DeKalb County, Georgia",74750,8999
1500000US130890229003,130890229003,"Block Group 3, Census Tract 229, DeKalb County, Georgia",65385,13508
1500000US130890230001,130890230001,"Block Group 1, Census Tract 230, DeKalb County, Georgia",61979,8419
1500000US130890231011,130890231011,"Block Group 1, Census Tract 231.01, DeKalb County, Georgia",69306,29958
1500000US130890231012,130890231012,"Block Group 2, Census Tract 231.01, DeKalb County, Georgia",36691,10075
1500000US130890231013,130890231013,"Block Group 3, Census Tract 231.01, DeKalb County, Georgia",45667,14489
1500000US130890231014,130890231014,"Block Group 4, Census Tract 231.01, DeKalb County, Georgia",41452,12132
1500000US130890231021,130890231021,"Block Group 1, Census Tract 231.02, DeKalb County, Georgia",58403,20752
1500000US130890231022,130890231022,"Block Group 2, Census Tract 231.02, DeKalb County, Georgia",37066,4230
1500000US130890231071,130890231071,"Block Group 1, Census Tract 231.07, DeKalb County, Georgia",47823,10243
1500000US130890231072,130890231072,"Block Group 2, Census Tract 231.07, DeKalb County, Georgia",31250,8430
1500000US130890231073,130890231073,"Block Group 3, Census Tract 231.07, DeKalb County, Georgia",25179,12124
1500000US130890231081,130890231081,"Block Group 1, Census Tract 231.08, DeKalb County, Georgia",32670,12031
1500000US130890231082,130890231082,"Block Group 2, Census Tract 231.08, DeKalb County, Georgia",30472,7355
1500000US130890231083,130890231083,"Block Group 3, Census Tract 231.08, DeKalb County, Georgia",30000,16233
1500000US130890231111,130890231111,"Block Group 1, Census Tract 231.11, DeKalb County, Georgia",47625,11765
1500000US130890231121,130890231121,"Block Group 1, Census Tract 231.12, DeKalb County, Georgia",21129,4680
1500000US130890231122,130890231122,"Block Group 2, Census Tract 231.12, DeKalb County, Georgia",28125,4163
1500000US130890231123,130890231123,"Block Group 3, Census Tract 231.12, DeKalb County, Georgia",28657,8013
1500000US130890231131,130890231131,"Block Group 1, Census Tract 231.13, DeKalb County, Georgia",30676,7789
1500000US130890231132,130890231132,"Block Group 2, Census Tract 231.13, DeKalb County, Georgia",25260,7816
1500000US130890231141,130890231141,"Block Group 1, Census Tract 231.14, DeKalb County, Georgia",64500,12312
1500000US130890231142,130890231142,"Block Group 2, Census Tract 231.14, DeKalb County, Georgia",46250,7197
1500000US130890231151,130890231151,"Block Group 1, Census Tract 231.15, DeKalb County, Georgia",-,**
1500000US130890232041,130890232041,"Block Group 1, Census Tract 232.04, DeKalb County, Georgia",33478,14469
1500000US130890232042,130890232042,"Block Group 2, Census Tract 232.04, DeKalb County, Georgia",58047,27205
1500000US130890232043,130890232043,"Block Group 3, Census Tract 232.04, DeKalb County, Georgia",41531,5534
1500000US130890232061,130890232061,"Block Group 1, Census Tract 232.06, DeKalb County, Georgia",38375,7675
1500000US130890232062,130890232062,"Block Group 2, Census Tract 232.06, DeKalb County, Georgia",56830,7233
1500000US130890232063,130890232063,"Block Group 3, Census Tract 232.06, DeKalb County, Georgia",37250,18625
1500000US130890232081,130890232081,"Block Group 1, Census Tract 232.08, DeKalb County, Georgia",53417,7279
1500000US130890232082,130890232082,"Block Group 2, Census Tract 232.08, DeKalb County, Georgia",38716,13176
1500000US130890232083,130890232083,"Block Group 3, Census Tract 232.08, DeKalb County, Georgia",32738,6181
1500000US130890232091,130890232091,"Block Group 1, Census Tract 232.09, DeKalb County, Georgia",44942,12228
1500000US130890232092,130890232092,"Block Group 2, Census Tract 232.09, DeKalb County, Georgia",65625,10882
1500000US130890232093,130890232093,"Block Group 3, Census Tract 232.09, DeKalb County, Georgia",66429,14396
1500000US130890232101,130890232101,"Block Group 1, Census Tract 232.10, DeKalb County, Georgia",56042,28436
1500000US130890232102,130890232102,"Block Group 2, Census Tract 232.10, DeKalb County, Georgia",60128,38187
1500000US130890232103,130890232103,"Block Group 3, Census Tract 232.10, DeKalb County, Georgia",55405,17233
1500000US130890232104,130890232104,"Block Group 4, Census Tract 232.10, DeKalb County, Georgia",38375,15800
1500000US130890232105,130890232105,"Block Group 5, Census Tract 232.10, DeKalb County, Georgia",29817,10575
1500000US130890232111,130890232111,"Block Group 1, Census Tract 232.11, DeKalb County, Georgia",60086,16248
1500000US130890232112,130890232112,"Block Group 2, Census Tract 232.11, DeKalb County, Georgia",45333,10324
1500000US130890232121,130890232121,"Block Group 1, Census Tract 232.12, DeKalb County, Georgia",76250,15803
1500000US130890232122,130890232122,"Block Group 2, Census Tract 232.12, DeKalb County, Georgia",41250,31236
1500000US130890232132,130890232132,"Block Group 2, Census Tract 232.13, DeKalb County, Georgia",69474,17206
1500000US130890232133,130890232133,"Block Group 3, Census Tract 232.13, DeKalb County, Georgia",37846,6875
1500000US130890232141,130890232141,"Block Group 1, Census Tract 232.14, DeKalb County, Georgia",41223,8202
1500000US130890232142,130890232142,"Block Group 2, Census Tract 232.14, DeKalb County, Georgia",53884,3727
1500000US130890233031,130890233031,"Block Group 1, Census Tract 233.03, DeKalb County, Georgia",61360,12518
1500000US130890233032,130890233032,"Block Group 2, Census Tract 233.03, DeKalb County, Georgia",26818,11041
1500000US130890233033,130890233033,"Block Group 3, Census Tract 233.03, DeKalb County, Georgia",28281,9134
1500000US130890233034,130890233034,"Block Group 4, Census Tract 233.03, DeKalb County, Georgia",27614,14530
1500000US130890233061,130890233061,"Block Group 1, Census Tract 233.06, DeKalb County, Georgia",58793,13639
1500000US130890233062,130890233062,"Block Group 2, Census Tract 233.06, DeKalb County, Georgia",59344,30311
1500000US130890233063,130890233063,"Block Group 3, Census Tract 233.06, DeKalb County, Georgia",39607,14686
1500000US130890233091,130890233091,"Block Group 1, Census Tract 233.09, DeKalb County, Georgia",49357,7672
1500000US130890233092,130890233092,"Block Group 2, Census Tract 233.09, DeKalb County, Georgia",46637,6082
1500000US130890233093,130890233093,"Block Group 3, Census Tract 233.09, DeKalb County, Georgia",44838,5218
1500000US130890233094,130890233094,"Block Group 4, Census Tract 233.09, DeKalb County, Georgia",44028,32618
1500000US130890233101,130890233101,"Block Group 1, Census Tract 233.10, DeKalb County, Georgia",37010,13219
1500000US130890233102,130890233102,"Block Group 2, Census Tract 233.10, DeKalb County, Georgia",31343,12653
1500000US130890233103,130890233103,"Block Group 3, Census Tract 233.10, DeKalb County, Georgia",20523,4273
1500000US130890233104,130890233104,"Block Group 4, Census Tract 233.10, DeKalb County, Georgia",37201,15412
1500000US130890233111,130890233111,"Block Group 1, Census Tract 233.11, DeKalb County, Georgia",76581,16158
1500000US130890233112,130890233112,"Block Group 2, Census Tract 233.11, DeKalb County, Georgia",72000,42854
1500000US130890233121,130890233121,"Block Group 1, Census Tract 233.12, DeKalb County, Georgia",60896,8001
1500000US130890233122,130890233122,"Block Group 2, Census Tract 233.12, DeKalb County, Georgia",59443,27921
1500000US130890233123,130890233123,"Block Group 3, Census Tract 233.12, DeKalb County, Georgia",49536,30499
1500000US130890233131,130890233131,"Block Group 1, Census Tract 233.13, DeKalb County, Georgia",33594,7269
1500000US130890233132,130890233132,"Block Group 2, Census Tract 233.13, DeKalb County, Georgia",49975,6003
1500000US130890233141,130890233141,"Block Group 1, Census Tract 233.14, DeKalb County, Georgia",65432,9568
1500000US130890233142,130890233142,"Block Group 2, Census Tract 233.14, DeKalb County, Georgia",44500,5162
1500000US130890233143,130890233143,"Block Group 3, Census Tract 233.14, DeKalb County, Georgia",42065,31223
1500000US130890233151,130890233151,"Block Group 1, Census Tract 233.15, DeKalb County, Georgia",55469,16372
1500000US130890233152,130890233152,"Block Group 2, Census Tract 233.15, DeKalb County, Georgia",44035,8663
1500000US130890233161,130890233161,"Block Group 1, Census Tract 233.16, DeKalb County, Georgia",66875,17361
1500000US130890233162,130890233162,"Block Group 2, Census Tract 233.16, DeKalb County, Georgia",51135,4446
1500000US130890233163,130890233163,"Block Group 3, Census Tract 233.16, DeKalb County, Georgia",81635,29529
1500000US130890234101,130890234101,"Block Group 1, Census Tract 234.10, DeKalb County, Georgia",24000,8463
1500000US130890234102,130890234102,"Block Group 2, Census Tract 234.10, DeKalb County, Georgia",38125,11845
1500000US130890234111,130890234111,"Block Group 1, Census Tract 234.11, DeKalb County, Georgia",50750,12537
1500000US130890234112,130890234112,"Block Group 2, Census Tract 234.11, DeKalb County, Georgia",34455,12078
1500000US130890234121,130890234121,"Block Group 1, Census Tract 234.12, DeKalb County, Georgia",24628,14508
1500000US130890234122,130890234122,"Block Group 2, Census Tract 234.12, DeKalb County, Georgia",62639,20782
1500000US130890234123,130890234123,"Block Group 3, Census Tract 234.12, DeKalb County, Georgia",56327,31151
1500000US130890234131,130890234131,"Block Group 1, Census Tract 234.13, DeKalb County, Georgia",47306,8825
1500000US130890234132,130890234132,"Block Group 2, Census Tract 234.13, DeKalb County, Georgia",49537,6148
1500000US130890234141,130890234141,"Block Group 1, Census Tract 234.14, DeKalb County, Georgia",38911,11556
1500000US130890234142,130890234142,"Block Group 2, Census Tract 234.14, DeKalb County, Georgia",56645,21028
1500000US130890234143,130890234143,"Block Group 3, Census Tract 234.14, DeKalb County, Georgia",66189,13683
1500000US130890234161,130890234161,"Block Group 1, Census Tract 234.16, DeKalb County, Georgia",44314,33754
1500000US130890234162,130890234162,"Block Group 2, Census Tract 234.16, DeKalb County, Georgia",76542,17124
1500000US130890234163,130890234163,"Block Group 3, Census Tract 234.16, DeKalb County, Georgia",42875,36622
1500000US130890234164,130890234164,"Block Group 4, Census Tract 234.16, DeKalb County, Georgia",73615,9645
1500000US130890234181,130890234181,"Block Group 1, Census Tract 234.18, DeKalb County, Georgia",40351,13395
1500000US130890234182,130890234182,"Block Group 2, Census Tract 234.18, DeKalb County, Georgia",60617,13987
1500000US130890234183,130890234183,"Block Group 3, Census Tract 234.18, DeKalb County, Georgia",45208,10108
1500000US130890234184,130890234184,"Block Group 4, Census Tract 234.18, DeKalb County, Georgia",47904,8824
1500000US130890234191,130890234191,"Block Group 1, Census Tract 234.19, DeKalb County, Georgia",65871,12777
1500000US130890234192,130890234192,"Block Group 2, Census Tract 234.19, DeKalb County, Georgia",51595,31038
1500000US130890234193,130890234193,"Block Group 3, Census Tract 234.19, DeKalb County, Georgia",61550,30719
1500000US130890234211,130890234211,"Block Group 1, Census Tract 234.21, DeKalb County, Georgia",32087,14854
1500000US130890234212,130890234212,"Block Group 2, Census Tract 234.21, DeKalb County, Georgia",59934,40182
1500000US130890234213,130890234213,"Block Group 3, Census Tract 234.21, DeKalb County, Georgia",37399,8246
1500000US130890234221,130890234221,"Block Group 1, Census Tract 234.22, DeKalb County, Georgia",61150,13460
1500000US130890234222,130890234222,"Block Group 2, Census Tract 234.22, DeKalb County, Georgia",52519,6841
1500000US130890234231,130890234231,"Block Group 1, Census Tract 234.23, DeKalb County, Georgia",68472,8653
1500000US130890234232,130890234232,"Block Group 2, Census Tract 234.23, DeKalb County, Georgia",42212,32823
1500000US130890234233,130890234233,"Block Group 3, Census Tract 234.23, DeKalb County, Georgia",60938,18675
1500000US130890234241,130890234241,"Block Group 1, Census Tract 234.24, DeKalb County, Georgia",58859,6041
1500000US130890234242,130890234242,"Block Group 2, Census Tract 234.24, DeKalb County, Georgia",51389,28367
1500000US130890234251,130890234251,"Block Group 1, Census Tract 234.25, DeKalb County, Georgia",42106,31178
1500000US130890234252,130890234252,"Block Group 2, Census Tract 234.25, DeKalb County, Georgia",75359,9516
1500000US130890234261,130890234261,"Block Group 1, Census Tract 234.26, DeKalb County, Georgia",77391,21558
1500000US130890234262,130890234262,"Block Group 2, Census Tract 234.26, DeKalb County, Georgia",57287,12913
1500000US130890234271,130890234271,"Block Group 1, Census Tract 234.27, DeKalb County, Georgia",51824,19400
1500000US130890234272,130890234272,"Block Group 2, Census Tract 234.27, DeKalb County, Georgia",62404,23683
1500000US130890234281,130890234281,"Block Group 1, Census Tract 234.28, DeKalb County, Georgia",28906,12166
1500000US130890234282,130890234282,"Block Group 2, Census Tract 234.28, DeKalb County, Georgia",28505,9848
1500000US130890234283,130890234283,"Block Group 3, Census Tract 234.28, DeKalb County, Georgia",34245,7144
1500000US130890234284,130890234284,"Block Group 4, Census Tract 234.28, DeKalb County, Georgia",51594,12240
1500000US130890235011,130890235011,"Block Group 1, Census Tract 235.01, DeKalb County, Georgia",22204,6048
1500000US130890235012,130890235012,"Block Group 2, Census Tract 235.01, DeKalb County, Georgia",32464,15448
1500000US130890235041,130890235041,"Block Group 1, Census Tract 235.04, DeKalb County, Georgia",19306,3398
1500000US130890235042,130890235042,"Block Group 2, Census Tract 235.04, DeKalb County, Georgia",23682,5183
1500000US130890235043,130890235043,"Block Group 3, Census Tract 235.04, DeKalb County, Georgia",21944,6776
1500000US130890235051,130890235051,"Block Group 1, Census Tract 235.05, DeKalb County, Georgia",37474,9689
1500000US130890235052,130890235052,"Block Group 2, Census Tract 235.05, DeKalb County, Georgia",42951,12615
1500000US130890235061,130890235061,"Block Group 1, Census Tract 235.06, DeKalb County, Georgia",23281,6079
1500000US130890235062,130890235062,"Block Group 2, Census Tract 235.06, DeKalb County, Georgia",51703,8503
1500000US130890235063,130890235063,"Block Group 3, Census Tract 235.06, DeKalb County, Georgia",45383,10267
1500000US130890235071,130890235071,"Block Group 1, Census Tract 235.07, DeKalb County, Georgia",38558,14922
1500000US130890235072,130890235072,"Block Group 2, Census Tract 235.07, DeKalb County, Georgia",43333,10592
1500000US130890235073,130890235073,"Block Group 3, Census Tract 235.07, DeKalb County, Georgia",39135,11734
1500000US130890236011,130890236011,"Block Group 1, Census Tract 236.01, DeKalb County, Georgia",67733,26865
1500000US130890236012,130890236012,"Block Group 2, Census Tract 236.01, DeKalb County, Georgia",41768,17537
1500000US130890236013,130890236013,"Block Group 3, Census Tract 236.01, DeKalb County, Georgia",65921,26009
1500000US130890236021,130890236021,"Block Group 1, Census Tract 236.02, DeKalb County, Georgia",41326,8272
1500000US130890236022,130890236022,"Block Group 2, Census Tract 236.02, DeKalb County, Georgia",36473,2629
1500000US130890236031,130890236031,"Block Group 1, Census Tract 236.03, DeKalb County, Georgia",40339,12371
1500000US130890236032,130890236032,"Block Group 2, Census Tract 236.03, DeKalb County, Georgia",30691,12527
1500000US130890237001,130890237001,"Block Group 1, Census Tract 237, DeKalb County, Georgia",18641,10470
1500000US130890237002,130890237002,"Block Group 2, Census Tract 237, DeKalb County, Georgia",35234,20137
1500000US130890237003,130890237003,"Block Group 3, Census Tract 237, DeKalb County, Georgia",27244,17247
1500000US130890237004,130890237004,"Block Group 4, Census Tract 237, DeKalb County, Georgia",34291,25688
1500000US130890238011,130890238011,"Block Group 1, Census Tract 238.01, DeKalb County, Georgia",64167,13341
1500000US130890238012,130890238012,"Block Group 2, Census Tract 238.01, DeKalb County, Georgia",46917,11500
1500000US130890238013,130890238013,"Block Group 3, Census Tract 238.01, DeKalb County, Georgia",60625,15290
1500000US130890238021,130890238021,"Block Group 1, Census Tract 238.02, DeKalb County, Georgia",31815,14464
1500000US130890238022,130890238022,"Block Group 2, Census Tract 238.02, DeKalb County, Georgia",36329,6369
1500000US130890238031,130890238031,"Block Group 1, Census Tract 238.03, DeKalb County, Georgia",33750,4299
1500000US130890238032,130890238032,"Block Group 2, Census Tract 238.03, DeKalb County, Georgia",48750,12777
1500000US130890238033,130890238033,"Block Group 3, Census Tract 238.03, DeKalb County, Georgia",38750,22526
1500000US130890238034,130890238034,"Block Group 4, Census Tract 238.03, DeKalb County, Georgia",45714,12420
1500000US130899800001,130899800001,"Block Group 1, Census Tract 9800, DeKalb County, Georgia",-,**
1500000US131210001001,131210001001,"Block Group 1, Census Tract 1, Fulton County, Georgia",135250,22559
1500000US131210001002,131210001002,"Block Group 2, Census Tract 1, Fulton County, Georgia",139875,22454
1500000US131210001003,131210001003,"Block Group 3, Census Tract 1, Fulton County, Georgia",115096,43166
1500000US131210001004,131210001004,"Block Group 4, Census Tract 1, Fulton County, Georgia",173854,37257
1500000US131210002001,131210002001,"Block Group 1, Census Tract 2, Fulton County, Georgia",69345,24327
1500000US131210002002,131210002002,"Block Group 2, Census Tract 2, Fulton County, Georgia",94590,51618
1500000US131210002003,131210002003,"Block Group 3, Census Tract 2, Fulton County, Georgia",117171,62861
1500000US131210002004,131210002004,"Block Group 4, Census Tract 2, Fulton County, Georgia",118831,26454
1500000US131210002005,131210002005,"Block Group 5, Census Tract 2, Fulton County, Georgia",148529,73693
1500000US131210004001,131210004001,"Block Group 1, Census Tract 4, Fulton County, Georgia",122188,52503
1500000US131210004002,131210004002,"Block Group 2, Census Tract 4, Fulton County, Georgia",83424,17339
1500000US131210005001,131210005001,"Block Group 1, Census Tract 5, Fulton County, Georgia",71304,14037
1500000US131210006001,131210006001,"Block Group 1, Census Tract 6, Fulton County, Georgia",43146,2481
1500000US131210007001,131210007001,"Block Group 1, Census Tract 7, Fulton County, Georgia",-,**
1500000US131210007002,131210007002,"Block Group 2, Census Tract 7, Fulton County, Georgia",71667,28128
1500000US131210010011,131210010011,"Block Group 1, Census Tract 10.01, Fulton County, Georgia",45625,37517
1500000US131210010012,131210010012,"Block Group 2, Census Tract 10.01, Fulton County, Georgia",92604,12562
1500000US131210010021,131210010021,"Block Group 1, Census Tract 10.02, Fulton County, Georgia",30333,11858
1500000US131210011001,131210011001,"Block Group 1, Census Tract 11, Fulton County, Georgia",83125,34656
1500000US131210011002,131210011002,"Block Group 2, Census Tract 11, Fulton County, Georgia",100893,41374
1500000US131210011003,131210011003,"Block Group 3, Census Tract 11, Fulton County, Georgia",79375,15518
1500000US131210012011,131210012011,"Block Group 1, Census Tract 12.01, Fulton County, Georgia",77368,21856
1500000US131210012012,131210012012,"Block Group 2, Census Tract 12.01, Fulton County, Georgia",54500,13899
1500000US131210012021,131210012021,"Block Group 1, Census Tract 12.02, Fulton County, Georgia",84268,11154
1500000US131210012022,131210012022,"Block Group 2, Census Tract 12.02, Fulton County, Georgia",57381,17988
1500000US131210013001,131210013001,"Block Group 1, Census Tract 13, Fulton County, Georgia",73694,30351
1500000US131210013002,131210013002,"Block Group 2, Census Tract 13, Fulton County, Georgia",58000,16724
1500000US131210013003,131210013003,"Block Group 3, Census Tract 13, Fulton County, Georgia",50556,14454
1500000US131210014001,131210014001,"Block Group 1, Census Tract 14, Fulton County, Georgia",69167,33875
1500000US131210014002,131210014002,"Block Group 2, Census Tract 14, Fulton County, Georgia",71656,11611
1500000US131210015001,131210015001,"Block Group 1, Census Tract 15, Fulton County, Georgia",61410,17484
1500000US131210015002,131210015002,"Block Group 2, Census Tract 15, Fulton County, Georgia",96438,62842
1500000US131210015003,131210015003,"Block Group 3, Census Tract 15, Fulton County, Georgia",50375,13323
1500000US131210015004,131210015004,"Block Group 4, Census Tract 15, Fulton County, Georgia",48431,11821
1500000US131210016001,131210016001,"Block Group 1, Census Tract 16, Fulton County, Georgia",60848,13339
1500000US131210017001,131210017001,"Block Group 1, Census Tract 17, Fulton County, Georgia",53750,11610
1500000US131210017002,131210017002,"Block Group 2, Census Tract 17, Fulton County, Georgia",25642,7752
1500000US131210018001,131210018001,"Block Group 1, Census Tract 18, Fulton County, Georgia",51581,6425
1500000US131210018002,131210018002,"Block Group 2, Census Tract 18, Fulton County, Georgia",9825,2964
1500000US131210018003,131210018003,"Block Group 3, Census Tract 18, Fulton County, Georgia",47308,17007
1500000US131210019001,131210019001,"Block Group 1, Census Tract 19, Fulton County, Georgia",30433,9161
1500000US131210019002,131210019002,"Block Group 2, Census Tract 19, Fulton County, Georgia",68796,9205
1500000US131210021001,131210021001,"Block Group 1, Census Tract 21, Fulton County, Georgia",37627,9579
1500000US131210023001,131210023001,"Block Group 1, Census Tract 23, Fulton County, Georgia",27917,16977
1500000US131210023002,131210023002,"Block Group 2, Census Tract 23, Fulton County, Georgia",21691,4431
1500000US131210023003,131210023003,"Block Group 3, Census Tract 23, Fulton County, Georgia",23553,11649
1500000US131210024001,131210024001,"Block Group 1, Census Tract 24, Fulton County, Georgia",29196,4806
1500000US131210024002,131210024002,"Block Group 2, Census Tract 24, Fulton County, Georgia",36667,10557
1500000US131210025001,131210025001,"Block Group 1, Census Tract 25, Fulton County, Georgia",24049,2464
1500000US131210025002,131210025002,"Block Group 2, Census Tract 25, Fulton County, Georgia",27778,14066
1500000US131210026001,131210026001,"Block Group 1, Census Tract 26, Fulton County, Georgia",30046,7139
1500000US131210028001,131210028001,"Block Group 1, Census Tract 28, Fulton County, Georgia",39500,16117
1500000US131210028002,131210028002,"Block Group 2, Census Tract 28, Fulton County, Georgia",9048,2424
1500000US131210029001,131210029001,"Block Group 1, Census Tract 29, Fulton County, Georgia",59276,7306
1500000US131210030001,131210030001,"Block Group 1, Census Tract 30, Fulton County, Georgia",73750,24261
1500000US131210030002,131210030002,"Block Group 2, Census Tract 30, Fulton County, Georgia",93869,26431
1500000US131210031001,131210031001,"Block Group 1, Census Tract 31, Fulton County, Georgia",63750,22593
1500000US131210031002,131210031002,"Block Group 2, Census Tract 31, Fulton County, Georgia",26216,8312
1500000US131210032001,131210032001,"Block Group 1, Census Tract 32, Fulton County, Georgia",65168,9287
1500000US131210035001,131210035001,"Block Group 1, Census Tract 35, Fulton County, Georgia",31538,10491
1500000US131210035002,131210035002,"Block Group 2, Census Tract 35, Fulton County, Georgia",63594,27176
1500000US131210036001,131210036001,"Block Group 1, Census Tract 36, Fulton County, Georgia",32337,8639
1500000US131210037001,131210037001,"Block Group 1, Census Tract 37, Fulton County, Georgia",12411,5926
1500000US131210038001,131210038001,"Block Group 1, Census Tract 38, Fulton County, Georgia",19904,7757
1500000US131210039001,131210039001,"Block Group 1, Census Tract 39, Fulton County, Georgia",25724,9313
1500000US131210039002,131210039002,"Block Group 2, Census Tract 39, Fulton County, Georgia",25750,15595
1500000US131210040001,131210040001,"Block Group 1, Census Tract 40, Fulton County, Georgia",34405,8331
1500000US131210040002,131210040002,"Block Group 2, Census Tract 40, Fulton County, Georgia",18438,6332
1500000US131210040003,131210040003,"Block Group 3, Census Tract 40, Fulton County, Georgia",36250,13745
1500000US131210041001,131210041001,"Block Group 1, Census Tract 41, Fulton County, Georgia",41016,21809
1500000US131210041002,131210041002,"Block Group 2, Census Tract 41, Fulton County, Georgia",22241,4919
1500000US131210041003,131210041003,"Block Group 3, Census Tract 41, Fulton County, Georgia",33929,11585
1500000US131210042001,131210042001,"Block Group 1, Census Tract 42, Fulton County, Georgia",20579,6940
1500000US131210042002,131210042002,"Block Group 2, Census Tract 42, Fulton County, Georgia",18951,5604
1500000US131210043001,131210043001,"Block Group 1, Census Tract 43, Fulton County, Georgia",-,**
1500000US131210043002,131210043002,"Block Group 2, Census Tract 43, Fulton County, Georgia",29238,6136
1500000US131210044001,131210044001,"Block Group 1, Census Tract 44, Fulton County, Georgia",18750,4445
1500000US131210048001,131210048001,"Block Group 1, Census Tract 48, Fulton County, Georgia",18365,6364
1500000US131210049001,131210049001,"Block Group 1, Census Tract 49, Fulton County, Georgia",32045,27208
1500000US131210049002,131210049002,"Block Group 2, Census Tract 49, Fulton County, Georgia",88333,22191
1500000US131210050001,131210050001,"Block Group 1, Census Tract 50, Fulton County, Georgia",72500,12616
1500000US131210052001,131210052001,"Block Group 1, Census Tract 52, Fulton County, Georgia",79286,23085
1500000US131210052002,131210052002,"Block Group 2, Census Tract 52, Fulton County, Georgia",56184,41858
1500000US131210052003,131210052003,"Block Group 3, Census Tract 52, Fulton County, Georgia",78421,14034
1500000US131210053001,131210053001,"Block Group 1, Census Tract 53, Fulton County, Georgia",81042,9860
1500000US131210053002,131210053002,"Block Group 2, Census Tract 53, Fulton County, Georgia",105900,35313
1500000US131210053003,131210053003,"Block Group 3, Census Tract 53, Fulton County, Georgia",103309,20088
1500000US131210055011,131210055011,"Block Group 1, Census Tract 55.01, Fulton County, Georgia",29559,20167
1500000US131210055012,131210055012,"Block Group 2, Census Tract 55.01, Fulton County, Georgia",18438,6415
1500000US131210055021,131210055021,"Block Group 1, Census Tract 55.02, Fulton County, Georgia",15682,2069
1500000US131210057001,131210057001,"Block Group 1, Census Tract 57, Fulton County, Georgia",16172,4253
1500000US131210058001,131210058001,"Block Group 1, Census Tract 58, Fulton County, Georgia",26250,7722
1500000US131210060001,131210060001,"Block Group 1, Census Tract 60, Fulton County, Georgia",34271,29516
1500000US131210060002,131210060002,"Block Group 2, Census Tract 60, Fulton County, Georgia",40455,11521
1500000US131210060003,131210060003,"Block Group 3, Census Tract 60, Fulton County, Georgia",30143,6207
1500000US131210060004,131210060004,"Block Group 4, Census Tract 60, Fulton County, Georgia",18911,8532
1500000US131210061001,131210061001,"Block Group 1, Census Tract 61, Fulton County, Georgia",40000,21417
1500000US131210061002,131210061002,"Block Group 2, Census Tract 61, Fulton County, Georgia",22143,8715
1500000US131210061003,131210061003,"Block Group 3, Census Tract 61, Fulton County, Georgia",35093,10926
1500000US131210061004,131210061004,"Block Group 4, Census Tract 61, Fulton County, Georgia",35705,15828
1500000US131210062001,131210062001,"Block Group 1, Census Tract 62, Fulton County, Georgia",44583,39769
1500000US131210062002,131210062002,"Block Group 2, Census Tract 62, Fulton County, Georgia",18542,8388
1500000US131210063001,131210063001,"Block Group 1, Census Tract 63, Fulton County, Georgia",19821,6644
1500000US131210063002,131210063002,"Block Group 2, Census Tract 63, Fulton County, Georgia",23750,5996
1500000US131210064001,131210064001,"Block Group 1, Census Tract 64, Fulton County, Georgia",30179,12351
1500000US131210065001,131210065001,"Block Group 1, Census Tract 65, Fulton County, Georgia",35208,25085
1500000US131210065002,131210065002,"Block Group 2, Census Tract 65, Fulton County, Georgia",47545,9580
1500000US131210065003,131210065003,"Block Group 3, Census Tract 65, Fulton County, Georgia",41345,2964
1500000US131210065004,131210065004,"Block Group 4, Census Tract 65, Fulton County, Georgia",40750,13975
1500000US131210066011,131210066011,"Block Group 1, Census Tract 66.01, Fulton County, Georgia",37500,9427
1500000US131210066012,131210066012,"Block Group 2, Census Tract 66.01, Fulton County, Georgia",35714,18706
1500000US131210066021,131210066021,"Block Group 1, Census Tract 66.02, Fulton County, Georgia",16761,4173
1500000US131210067001,131210067001,"Block Group 1, Census Tract 67, Fulton County, Georgia",19026,2386
1500000US131210067002,131210067002,"Block Group 2, Census Tract 67, Fulton County, Georgia",19634,2415
1500000US131210067003,131210067003,"Block Group 3, Census Tract 67, Fulton County, Georgia",24960,22829
1500000US131210068011,131210068011,"Block Group 1, Census Tract 68.01, Fulton County, Georgia",-,**
1500000US131210069001,131210069001,"Block Group 1, Census Tract 69, Fulton County, Georgia",54643,25492
1500000US131210069002,131210069002,"Block Group 2, Census Tract 69, Fulton County, Georgia",38250,15580
1500000US131210069003,131210069003,"Block Group 3, Census Tract 69, Fulton County, Georgia",51471,24518
1500000US131210070011,131210070011,"Block Group 1, Census Tract 70.01, Fulton County, Georgia",21389,5825
1500000US131210070012,131210070012,"Block Group 2, Census Tract 70.01, Fulton County, Georgia",27821,13972
1500000US131210070023,131210070023,"Block Group 3, Census Tract 70.02, Fulton County, Georgia",30275,7264
1500000US131210071001,131210071001,"Block Group 1, Census Tract 71, Fulton County, Georgia",21842,11695
1500000US131210071002,131210071002,"Block Group 2, Census Tract 71, Fulton County, Georgia",20250,4032
1500000US131210072001,131210072001,"Block Group 1, Census Tract 72, Fulton County, Georgia",22986,9606
1500000US131210072002,131210072002,"Block Group 2, Census Tract 72, Fulton County, Georgia",21042,4960
1500000US131210073001,131210073001,"Block Group 1, Census Tract 73, Fulton County, Georgia",29174,14353
1500000US131210073002,131210073002,"Block Group 2, Census Tract 73, Fulton County, Georgia",20722,4837
1500000US131210073003,131210073003,"Block Group 3, Census Tract 73, Fulton County, Georgia",24954,12586
1500000US131210074001,131210074001,"Block Group 1, Census Tract 74, Fulton County, Georgia",18750,8757
1500000US131210074002,131210074002,"Block Group 2, Census Tract 74, Fulton County, Georgia",14227,3549
1500000US131210075001,131210075001,"Block Group 1, Census Tract 75, Fulton County, Georgia",10463,6242
1500000US131210075002,131210075002,"Block Group 2, Census Tract 75, Fulton County, Georgia",21557,4872
1500000US131210075003,131210075003,"Block Group 3, Census Tract 75, Fulton County, Georgia",16425,3560
1500000US131210075004,131210075004,"Block Group 4, Census Tract 75, Fulton County, Georgia",15486,9048
1500000US131210076022,131210076022,"Block Group 2, Census Tract 76.02, Fulton County, Georgia",38681,7533
1500000US131210076023,131210076023,"Block Group 3, Census Tract 76.02, Fulton County, Georgia",27396,4656
1500000US131210076031,131210076031,"Block Group 1, Census Tract 76.03, Fulton County, Georgia",20326,4547
1500000US131210076032,131210076032,"Block Group 2, Census Tract 76.03, Fulton County, Georgia",10738,2304
1500000US131210076033,131210076033,"Block Group 3, Census Tract 76.03, Fulton County, Georgia",13564,8389
1500000US131210076041,131210076041,"Block Group 1, Census Tract 76.04, Fulton County, Georgia",13674,5420
1500000US131210077031,131210077031,"Block Group 1, Census Tract 77.03, Fulton County, Georgia",54667,44187
1500000US131210077032,131210077032,"Block Group 2, Census Tract 77.03, Fulton County, Georgia",36804,4962
1500000US131210077033,131210077033,"Block Group 3, Census Tract 77.03, Fulton County, Georgia",50849,6526
1500000US131210077041,131210077041,"Block Group 1, Census Tract 77.04, Fulton County, Georgia",16174,13335
1500000US131210077042,131210077042,"Block Group 2, Census Tract 77.04, Fulton County, Georgia",28534,5853
1500000US131210077043,131210077043,"Block Group 3, Census Tract 77.04, Fulton County, Georgia",44583,5353
1500000US131210077051,131210077051,"Block Group 1, Census Tract 77.05, Fulton County, Georgia",28125,8284
1500000US131210077052,131210077052,"Block Group 2, Census Tract 77.05, Fulton County, Georgia",18125,3559
1500000US131210077061,131210077061,"Block Group 1, Census Tract 77.06, Fulton County, Georgia",28774,10599
1500000US131210077062,131210077062,"Block Group 2, Census Tract 77.06, Fulton County, Georgia",30390,7534
1500000US131210077063,131210077063,"Block Group 3, Census Tract 77.06, Fulton County, Georgia",50533,10737
1500000US131210078021,131210078021,"Block Group 1, Census Tract 78.02, Fulton County, Georgia",35688,4845
1500000US131210078022,131210078022,"Block Group 2, Census Tract 78.02, Fulton County, Georgia",53094,11521
1500000US131210078023,131210078023,"Block Group 3, Census Tract 78.02, Fulton County, Georgia",44055,8712
1500000US131210078024,131210078024,"Block Group 4, Census Tract 78.02, Fulton County, Georgia",80122,13687
1500000US131210078051,131210078051,"Block Group 1, Census Tract 78.05, Fulton County, Georgia",24792,10547
1500000US131210078052,131210078052,"Block Group 2, Census Tract 78.05, Fulton County, Georgia",37257,9109
1500000US131210078061,131210078061,"Block Group 1, Census Tract 78.06, Fulton County, Georgia",37105,9456
1500000US131210078062,131210078062,"Block Group 2, Census Tract 78.06, Fulton County, Georgia",25704,7040
1500000US131210078063,131210078063,"Block Group 3, Census Tract 78.06, Fulton County, Georgia",26429,20828
1500000US131210078071,131210078071,"Block Group 1, Census Tract 78.07, Fulton County, Georgia",16521,7749
1500000US131210078072,131210078072,"Block Group 2, Census Tract 78.07, Fulton County, Georgia",31833,18442
1500000US131210078081,131210078081,"Block Group 1, Census Tract 78.08, Fulton County, Georgia",18156,5219
1500000US131210078082,131210078082,"Block Group 2, Census Tract 78.08, Fulton County, Georgia",8635,3050
1500000US131210079001,131210079001,"Block Group 1, Census Tract 79, Fulton County, Georgia",67793,20431
1500000US131210079002,131210079002,"Block Group 2, Census Tract 79, Fulton County, Georgia",46176,14162
1500000US131210079003,131210079003,"Block Group 3, Census Tract 79, Fulton County, Georgia",51474,17943
1500000US131210080001,131210080001,"Block Group 1, Census Tract 80, Fulton County, Georgia",24583,16282
1500000US131210080002,131210080002,"Block Group 2, Census Tract 80, Fulton County, Georgia",29412,6526
1500000US131210080003,131210080003,"Block Group 3, Census Tract 80, Fulton County, Georgia",32344,12121
1500000US131210080004,131210080004,"Block Group 4, Census Tract 80, Fulton County, Georgia",48300,7510
1500000US131210080005,131210080005,"Block Group 5, Census Tract 80, Fulton County, Georgia",54227,10851
1500000US131210081011,131210081011,"Block Group 1, Census Tract 81.01, Fulton County, Georgia",29300,5867
1500000US131210081021,131210081021,"Block Group 1, Census Tract 81.02, Fulton County, Georgia",25000,14420
1500000US131210081022,131210081022,"Block Group 2, Census Tract 81.02, Fulton County, Georgia",60305,15049
1500000US131210081023,131210081023,"Block Group 3, Census Tract 81.02, Fulton County, Georgia",30222,26361
1500000US131210081024,131210081024,"Block Group 4, Census Tract 81.02, Fulton County, Georgia",13958,4261
1500000US131210082011,131210082011,"Block Group 1, Census Tract 82.01, Fulton County, Georgia",26418,4369
1500000US131210082012,131210082012,"Block Group 2, Census Tract 82.01, Fulton County, Georgia",26491,8364
1500000US131210082013,131210082013,"Block Group 3, Census Tract 82.01, Fulton County, Georgia",28481,12529
1500000US131210082021,131210082021,"Block Group 1, Census Tract 82.02, Fulton County, Georgia",30096,5684
1500000US131210082022,131210082022,"Block Group 2, Census Tract 82.02, Fulton County, Georgia",26397,6396
1500000US131210082023,131210082023,"Block Group 3, Census Tract 82.02, Fulton County, Georgia",26667,7527
1500000US131210082024,131210082024,"Block Group 4, Census Tract 82.02, Fulton County, Georgia",-,**
1500000US131210083011,131210083011,"Block Group 1, Census Tract 83.01, Fulton County, Georgia",26591,6762
1500000US131210083012,131210083012,"Block Group 2, Census Tract 83.01, Fulton County, Georgia",34213,10294
1500000US131210083021,131210083021,"Block Group 1, Census Tract 83.02, Fulton County, Georgia",28073,8487
1500000US131210083022,131210083022,"Block Group 2, Census Tract 83.02, Fulton County, Georgia",29432,22105
1500000US131210084001,131210084001,"Block Group 1, Census Tract 84, Fulton County, Georgia",21107,5748
1500000US131210084003,131210084003,"Block Group 3, Census Tract 84, Fulton County, Georgia",21676,4608
1500000US131210085001,131210085001,"Block Group 1, Census Tract 85, Fulton County, Georgia",38542,18945
1500000US131210085002,131210085002,"Block Group 2, Census Tract 85, Fulton County, Georgia",24265,5558
1500000US131210085003,131210085003,"Block Group 3, Census Tract 85, Fulton County, Georgia",28177,2720
1500000US131210086011,131210086011,"Block Group 1, Census Tract 86.01, Fulton County, Georgia",12462,5921
1500000US131210086012,131210086012,"Block Group 2, Census Tract 86.01, Fulton County, Georgia",34333,10527
1500000US131210086013,131210086013,"Block Group 3, Census Tract 86.01, Fulton County, Georgia",24286,6367
1500000US131210086014,131210086014,"Block Group 4, Census Tract 86.01, Fulton County, Georgia",18750,7063
1500000US131210086021,131210086021,"Block Group 1, Census Tract 86.02, Fulton County, Georgia",36576,8919
1500000US131210086022,131210086022,"Block Group 2, Census Tract 86.02, Fulton County, Georgia",35250,7074
1500000US131210087001,131210087001,"Block Group 1, Census Tract 87, Fulton County, Georgia",25727,7026
1500000US131210087002,131210087002,"Block Group 2, Census Tract 87, Fulton County, Georgia",25486,13748
1500000US131210087003,131210087003,"Block Group 3, Census Tract 87, Fulton County, Georgia",31550,3200
1500000US131210087004,131210087004,"Block Group 4, Census Tract 87, Fulton County, Georgia",22012,6680
1500000US131210088001,131210088001,"Block Group 1, Census Tract 88, Fulton County, Georgia",97297,28618
1500000US131210088002,131210088002,"Block Group 2, Census Tract 88, Fulton County, Georgia",59151,21473
1500000US131210089021,131210089021,"Block Group 1, Census Tract 89.02, Fulton County, Georgia",56978,8500
1500000US131210089022,131210089022,"Block Group 2, Census Tract 89.02, Fulton County, Georgia",37311,14595
1500000US131210089023,131210089023,"Block Group 3, Census Tract 89.02, Fulton County, Georgia",50134,20598
1500000US131210089024,131210089024,"Block Group 4, Census Tract 89.02, Fulton County, Georgia",57031,19923
1500000US131210089031,131210089031,"Block Group 1, Census Tract 89.03, Fulton County, Georgia",62667,12262
1500000US131210089041,131210089041,"Block Group 1, Census Tract 89.04, Fulton County, Georgia",83100,42955
1500000US131210089042,131210089042,"Block Group 2, Census Tract 89.04, Fulton County, Georgia",56042,17362
1500000US131210089043,131210089043,"Block Group 3, Census Tract 89.04, Fulton County, Georgia",97530,26745
1500000US131210090001,131210090001,"Block Group 1, Census Tract 90, Fulton County, Georgia",113854,40423
1500000US131210090002,131210090002,"Block Group 2, Census Tract 90, Fulton County, Georgia",188021,48105
1500000US131210090003,131210090003,"Block Group 3, Census Tract 90, Fulton County, Georgia",58125,17715
1500000US131210091011,131210091011,"Block Group 1, Census Tract 91.01, Fulton County, Georgia",65588,14485
1500000US131210091012,131210091012,"Block Group 2, Census Tract 91.01, Fulton County, Georgia",75313,17118
1500000US131210091013,131210091013,"Block Group 3, Census Tract 91.01, Fulton County, Georgia",58246,6925
1500000US131210091014,131210091014,"Block Group 4, Census Tract 91.01, Fulton County, Georgia",81667,19595
1500000US131210091021,131210091021,"Block Group 1, Census Tract 91.02, Fulton County, Georgia","250,000+",***
1500000US131210091022,131210091022,"Block Group 2, Census Tract 91.02, Fulton County, Georgia",103294,27740
1500000US131210091023,131210091023,"Block Group 3, Census Tract 91.02, Fulton County, Georgia",36250,9798
1500000US131210092001,131210092001,"Block Group 1, Census Tract 92, Fulton County, Georgia",64394,8098
1500000US131210092002,131210092002,"Block Group 2, Census Tract 92, Fulton County, Georgia",48500,20586
1500000US131210092003,131210092003,"Block Group 3, Census Tract 92, Fulton County, Georgia",58287,10039
1500000US131210093001,131210093001,"Block Group 1, Census Tract 93, Fulton County, Georgia",101771,15357
1500000US131210093002,131210093002,"Block Group 2, Census Tract 93, Fulton County, Georgia",79950,11969
1500000US131210093003,131210093003,"Block Group 3, Census Tract 93, Fulton County, Georgia",91063,25976
1500000US131210093004,131210093004,"Block Group 4, Census Tract 93, Fulton County, Georgia",129500,69005
1500000US131210094021,131210094021,"Block Group 1, Census Tract 94.02, Fulton County, Georgia",57296,7349
1500000US131210094022,131210094022,"Block Group 2, Census Tract 94.02, Fulton County, Georgia",73125,16326
1500000US131210094031,131210094031,"Block Group 1, Census Tract 94.03, Fulton County, Georgia",32132,6654
1500000US131210094032,131210094032,"Block Group 2, Census Tract 94.03, Fulton County, Georgia",51667,25648
1500000US131210094033,131210094033,"Block Group 3, Census Tract 94.03, Fulton County, Georgia",45871,13496
1500000US131210094041,131210094041,"Block Group 1, Census Tract 94.04, Fulton County, Georgia",64861,8281
1500000US131210094042,131210094042,"Block Group 2, Census Tract 94.04, Fulton County, Georgia",84196,23469
1500000US131210094043,131210094043,"Block Group 3, Census Tract 94.04, Fulton County, Georgia",146838,83428
1500000US131210095011,131210095011,"Block Group 1, Census Tract 95.01, Fulton County, Georgia",134792,79601
1500000US131210095012,131210095012,"Block Group 2, Census Tract 95.01, Fulton County, Georgia",130446,31004
1500000US131210095013,131210095013,"Block Group 3, Census Tract 95.01, Fulton County, Georgia","250,000+",***
1500000US131210095021,131210095021,"Block Group 1, Census Tract 95.02, Fulton County, Georgia",102143,67473
1500000US131210095022,131210095022,"Block Group 2, Census Tract 95.02, Fulton County, Georgia",36415,2948
1500000US131210095023,131210095023,"Block Group 3, Census Tract 95.02, Fulton County, Georgia",80636,18828
1500000US131210095024,131210095024,"Block Group 4, Census Tract 95.02, Fulton County, Georgia",47833,11774
1500000US131210096011,131210096011,"Block Group 1, Census Tract 96.01, Fulton County, Georgia",101055,24023
1500000US131210096012,131210096012,"Block Group 2, Census Tract 96.01, Fulton County, Georgia",61667,26274
1500000US131210096021,131210096021,"Block Group 1, Census Tract 96.02, Fulton County, Georgia",80125,27048
1500000US131210096022,131210096022,"Block Group 2, Census Tract 96.02, Fulton County, Georgia",93009,21221
1500000US131210096023,131210096023,"Block Group 3, Census Tract 96.02, Fulton County, Georgia",134866,45744
1500000US131210096031,131210096031,"Block Group 1, Census Tract 96.03, Fulton County, Georgia",55481,22211
1500000US131210096032,131210096032,"Block Group 2, Census Tract 96.03, Fulton County, Georgia",63476,9386
1500000US131210096033,131210096033,"Block Group 3, Census Tract 96.03, Fulton County, Georgia",74694,27898
1500000US131210097001,131210097001,"Block Group 1, Census Tract 97, Fulton County, Georgia",127750,21868
1500000US131210097002,131210097002,"Block Group 2, Census Tract 97, Fulton County, Georgia",208889,66233
1500000US131210097003,131210097003,"Block Group 3, Census Tract 97, Fulton County, Georgia",215777,34835
1500000US131210098011,131210098011,"Block Group 1, Census Tract 98.01, Fulton County, Georgia",58250,26739
1500000US131210098012,131210098012,"Block Group 2, Census Tract 98.01, Fulton County, Georgia",188625,48651
1500000US131210098013,131210098013,"Block Group 3, Census Tract 98.01, Fulton County, Georgia",181607,103589
1500000US131210098021,131210098021,"Block Group 1, Census Tract 98.02, Fulton County, Georgia","250,000+",***
1500000US131210098022,131210098022,"Block Group 2, Census Tract 98.02, Fulton County, Georgia",123194,19914
1500000US131210099001,131210099001,"Block Group 1, Census Tract 99, Fulton County, Georgia",57279,38455
1500000US131210099002,131210099002,"Block Group 2, Census Tract 99, Fulton County, Georgia",172083,50283
1500000US131210099003,131210099003,"Block Group 3, Census Tract 99, Fulton County, Georgia","250,000+",***
1500000US131210099004,131210099004,"Block Group 4, Census Tract 99, Fulton County, Georgia","250,000+",***
1500000US131210100011,131210100011,"Block Group 1, Census Tract 100.01, Fulton County, Georgia",84453,45066
1500000US131210100012,131210100012,"Block Group 2, Census Tract 100.01, Fulton County, Georgia",116058,74664
1500000US131210100013,131210100013,"Block Group 3, Census Tract 100.01, Fulton County, Georgia",160347,44760
1500000US131210100014,131210100014,"Block Group 4, Census Tract 100.01, Fulton County, Georgia",109575,58153
1500000US131210100021,131210100021,"Block Group 1, Census Tract 100.02, Fulton County, Georgia",236932,39356
1500000US131210100022,131210100022,"Block Group 2, Census Tract 100.02, Fulton County, Georgia",202045,41637
1500000US131210100023,131210100023,"Block Group 3, Census Tract 100.02, Fulton County, Georgia",111398,24062
1500000US131210101061,131210101061,"Block Group 1, Census Tract 101.06, Fulton County, Georgia",76776,17617
1500000US131210101062,131210101062,"Block Group 2, Census Tract 101.06, Fulton County, Georgia",39943,11393
1500000US131210101063,131210101063,"Block Group 3, Census Tract 101.06, Fulton County, Georgia",130795,37012
1500000US131210101071,131210101071,"Block Group 1, Census Tract 101.07, Fulton County, Georgia",153500,55898
1500000US131210101072,131210101072,"Block Group 2, Census Tract 101.07, Fulton County, Georgia",148250,61496
1500000US131210101081,131210101081,"Block Group 1, Census Tract 101.08, Fulton County, Georgia",203155,12185
1500000US131210101082,131210101082,"Block Group 2, Census Tract 101.08, Fulton County, Georgia",131094,36313
1500000US131210101101,131210101101,"Block Group 1, Census Tract 101.10, Fulton County, Georgia",81217,8157
1500000US131210101102,131210101102,"Block Group 2, Census Tract 101.10, Fulton County, Georgia",82016,34271
1500000US131210101103,131210101103,"Block Group 3, Census Tract 101.10, Fulton County, Georgia",30156,14467
1500000US131210101132,131210101132,"Block Group 2, Census Tract 101.13, Fulton County, Georgia",36480,12381
1500000US131210101133,131210101133,"Block Group 3, Census Tract 101.13, Fulton County, Georgia",79524,41076
1500000US131210101141,131210101141,"Block Group 1, Census Tract 101.14, Fulton County, Georgia",79275,16181
1500000US131210101142,131210101142,"Block Group 2, Census Tract 101.14, Fulton County, Georgia",54500,45395
1500000US131210101143,131210101143,"Block Group 3, Census Tract 101.14, Fulton County, Georgia",50179,12986
1500000US131210101151,131210101151,"Block Group 1, Census Tract 101.15, Fulton County, Georgia",99357,19531
1500000US131210101171,131210101171,"Block Group 1, Census Tract 101.17, Fulton County, Georgia",39833,5850
1500000US131210101172,131210101172,"Block Group 2, Census Tract 101.17, Fulton County, Georgia",56351,7750
1500000US131210101181,131210101181,"Block Group 1, Census Tract 101.18, Fulton County, Georgia",46835,30540
1500000US131210101182,131210101182,"Block Group 2, Census Tract 101.18, Fulton County, Georgia",36354,22340
1500000US131210101183,131210101183,"Block Group 3, Census Tract 101.18, Fulton County, Georgia",23761,2322
1500000US131210101191,131210101191,"Block Group 1, Census Tract 101.19, Fulton County, Georgia",52692,15332
1500000US131210101192,131210101192,"Block Group 2, Census Tract 101.19, Fulton County, Georgia",27489,14717
1500000US131210101193,131210101193,"Block Group 3, Census Tract 101.19, Fulton County, Georgia",32604,26808
1500000US131210101201,131210101201,"Block Group 1, Census Tract 101.20, Fulton County, Georgia",57685,7608
1500000US131210101211,131210101211,"Block Group 1, Census Tract 101.21, Fulton County, Georgia",68059,10195
1500000US131210101221,131210101221,"Block Group 1, Census Tract 101.22, Fulton County, Georgia",100671,16638
1500000US131210101222,131210101222,"Block Group 2, Census Tract 101.22, Fulton County, Georgia",66845,25499
1500000US131210101223,131210101223,"Block Group 3, Census Tract 101.22, Fulton County, Georgia",70339,8849
1500000US131210101231,131210101231,"Block Group 1, Census Tract 101.23, Fulton County, Georgia",35714,12019
1500000US131210101232,131210101232,"Block Group 2, Census Tract 101.23, Fulton County, Georgia",111141,9313
1500000US131210101233,131210101233,"Block Group 3, Census Tract 101.23, Fulton County, Georgia",61755,6017
1500000US131210102041,131210102041,"Block Group 1, Census Tract 102.04, Fulton County, Georgia",133750,35002
1500000US131210102042,131210102042,"Block Group 2, Census Tract 102.04, Fulton County, Georgia",156406,57440
1500000US131210102043,131210102043,"Block Group 3, Census Tract 102.04, Fulton County, Georgia",170104,58543
1500000US131210102044,131210102044,"Block Group 4, Census Tract 102.04, Fulton County, Georgia",149500,64507
1500000US131210102051,131210102051,"Block Group 1, Census Tract 102.05, Fulton County, Georgia",69417,56738
1500000US131210102053,131210102053,"Block Group 3, Census Tract 102.05, Fulton County, Georgia",102880,44952
1500000US131210102054,131210102054,"Block Group 4, Census Tract 102.05, Fulton County, Georgia",102212,26399
1500000US131210102061,131210102061,"Block Group 1, Census Tract 102.06, Fulton County, Georgia",126984,29176
1500000US131210102062,131210102062,"Block Group 2, Census Tract 102.06, Fulton County, Georgia",186563,47553
1500000US131210102063,131210102063,"Block Group 3, Census Tract 102.06, Fulton County, Georgia",219837,41791
1500000US131210102081,131210102081,"Block Group 1, Census Tract 102.08, Fulton County, Georgia",77107,13744
1500000US131210102082,131210102082,"Block Group 2, Census Tract 102.08, Fulton County, Georgia",36830,16250
1500000US131210102083,131210102083,"Block Group 3, Census Tract 102.08, Fulton County, Georgia",46722,12900
1500000US131210102091,131210102091,"Block Group 1, Census Tract 102.09, Fulton County, Georgia",51325,8864
1500000US131210102092,131210102092,"Block Group 2, Census Tract 102.09, Fulton County, Georgia",87171,42254
1500000US131210102093,131210102093,"Block Group 3, Census Tract 102.09, Fulton County, Georgia",41851,10220
1500000US131210102101,131210102101,"Block Group 1, Census Tract 102.10, Fulton County, Georgia",51462,4549
1500000US131210102102,131210102102,"Block Group 2, Census Tract 102.10, Fulton County, Georgia",73167,30191
1500000US131210102103,131210102103,"Block Group 3, Census Tract 102.10, Fulton County, Georgia",67730,28840
1500000US131210102111,131210102111,"Block Group 1, Census Tract 102.11, Fulton County, Georgia",188214,67922
1500000US131210102112,131210102112,"Block Group 2, Census Tract 102.11, Fulton County, Georgia",108333,48360
1500000US131210102121,131210102121,"Block Group 1, Census Tract 102.12, Fulton County, Georgia",32008,11698
1500000US131210102122,131210102122,"Block Group 2, Census Tract 102.12, Fulton County, Georgia",240658,74452
1500000US131210102123,131210102123,"Block Group 3, Census Tract 102.12, Fulton County, Georgia",63185,9625
1500000US131210103011,131210103011,"Block Group 1, Census Tract 103.01, Fulton County, Georgia",61392,15455
1500000US131210103012,131210103012,"Block Group 2, Census Tract 103.01, Fulton County, Georgia",60859,5553
1500000US131210103031,131210103031,"Block Group 1, Census Tract 103.03, Fulton County, Georgia",50057,10243
1500000US131210103032,131210103032,"Block Group 2, Census Tract 103.03, Fulton County, Georgia",67721,24462
1500000US131210103041,131210103041,"Block Group 1, Census Tract 103.04, Fulton County, Georgia",110368,42335
1500000US131210103042,131210103042,"Block Group 2, Census Tract 103.04, Fulton County, Georgia",77463,12833
1500000US131210104001,131210104001,"Block Group 1, Census Tract 104, Fulton County, Georgia",59583,5698
1500000US131210104002,131210104002,"Block Group 2, Census Tract 104, Fulton County, Georgia",60759,17194
1500000US131210104003,131210104003,"Block Group 3, Census Tract 104, Fulton County, Georgia",44097,8643
1500000US131210104004,131210104004,"Block Group 4, Census Tract 104, Fulton County, Georgia",49295,15461
1500000US131210105071,131210105071,"Block Group 1, Census Tract 105.07, Fulton County, Georgia",38032,10467
1500000US131210105072,131210105072,"Block Group 2, Census Tract 105.07, Fulton County, Georgia",31875,6964
1500000US131210105073,131210105073,"Block Group 3, Census Tract 105.07, Fulton County, Georgia",27143,7477
1500000US131210105074,131210105074,"Block Group 4, Census Tract 105.07, Fulton County, Georgia",32466,13920
1500000US131210105081,131210105081,"Block Group 1, Census Tract 105.08, Fulton County, Georgia",46306,10384
1500000US131210105101,131210105101,"Block Group 1, Census Tract 105.10, Fulton County, Georgia",32455,13374
1500000US131210105102,131210105102,"Block Group 2, Census Tract 105.10, Fulton County, Georgia",33095,21220
1500000US131210105103,131210105103,"Block Group 3, Census Tract 105.10, Fulton County, Georgia",35718,6451
1500000US131210105104,131210105104,"Block Group 4, Census Tract 105.10, Fulton County, Georgia",46588,6316
1500000US131210105111,131210105111,"Block Group 1, Census Tract 105.11, Fulton County, Georgia",41395,6462
1500000US131210105112,131210105112,"Block Group 2, Census Tract 105.11, Fulton County, Georgia",64089,7427
1500000US131210105113,131210105113,"Block Group 3, Census Tract 105.11, Fulton County, Georgia",57206,13456
1500000US131210105121,131210105121,"Block Group 1, Census Tract 105.12, Fulton County, Georgia",36096,4563
1500000US131210105122,131210105122,"Block Group 2, Census Tract 105.12, Fulton County, Georgia",25500,8351
1500000US131210105123,131210105123,"Block Group 3, Census Tract 105.12, Fulton County, Georgia",24560,10682
1500000US131210105131,131210105131,"Block Group 1, Census Tract 105.13, Fulton County, Georgia",55156,9076
1500000US131210105132,131210105132,"Block Group 2, Census Tract 105.13, Fulton County, Georgia",35585,4589
1500000US131210105133,131210105133,"Block Group 3, Census Tract 105.13, Fulton County, Georgia",41880,9882
1500000US131210105141,131210105141,"Block Group 1, Census Tract 105.14, Fulton County, Georgia",60255,8280
1500000US131210105142,131210105142,"Block Group 2, Census Tract 105.14, Fulton County, Georgia",65987,4897
1500000US131210105143,131210105143,"Block Group 3, Census Tract 105.14, Fulton County, Georgia",31284,12231
1500000US131210105151,131210105151,"Block Group 1, Census Tract 105.15, Fulton County, Georgia",40589,13607
1500000US131210105161,131210105161,"Block Group 1, Census Tract 105.16, Fulton County, Georgia",45625,20188
1500000US131210105162,131210105162,"Block Group 2, Census Tract 105.16, Fulton County, Georgia",51453,3506
1500000US131210105163,131210105163,"Block Group 3, Census Tract 105.16, Fulton County, Georgia",29266,25541
1500000US131210106011,131210106011,"Block Group 1, Census Tract 106.01, Fulton County, Georgia",40114,22092
1500000US131210106012,131210106012,"Block Group 2, Census Tract 106.01, Fulton County, Georgia",19643,15631
1500000US131210106032,131210106032,"Block Group 2, Census Tract 106.03, Fulton County, Georgia",26674,3922
1500000US131210106033,131210106033,"Block Group 3, Census Tract 106.03, Fulton County, Georgia",17000,15634
1500000US131210106041,131210106041,"Block Group 1, Census Tract 106.04, Fulton County, Georgia",25208,11159
1500000US131210106042,131210106042,"Block Group 2, Census Tract 106.04, Fulton County, Georgia",30000,9032
1500000US131210106043,131210106043,"Block Group 3, Census Tract 106.04, Fulton County, Georgia",35426,8980
1500000US131210108001,131210108001,"Block Group 1, Census Tract 108, Fulton County, Georgia",16536,8079
1500000US131210108002,131210108002,"Block Group 2, Census Tract 108, Fulton County, Georgia",63750,20915
1500000US131210108003,131210108003,"Block Group 3, Census Tract 108, Fulton County, Georgia",65339,22769
1500000US131210108004,131210108004,"Block Group 4, Census Tract 108, Fulton County, Georgia",39241,7972
1500000US131210108006,131210108006,"Block Group 6, Census Tract 108, Fulton County, Georgia",26172,16845
1500000US131210110001,131210110001,"Block Group 1, Census Tract 110, Fulton County, Georgia",25333,5207
1500000US131210110002,131210110002,"Block Group 2, Census Tract 110, Fulton County, Georgia",8814,2015
1500000US131210110003,131210110003,"Block Group 3, Census Tract 110, Fulton County, Georgia",24531,8566
1500000US131210110004,131210110004,"Block Group 4, Census Tract 110, Fulton County, Georgia",50938,34728
1500000US131210111001,131210111001,"Block Group 1, Census Tract 111, Fulton County, Georgia",34821,28562
1500000US131210111002,131210111002,"Block Group 2, Census Tract 111, Fulton County, Georgia",48472,13732
1500000US131210111003,131210111003,"Block Group 3, Census Tract 111, Fulton County, Georgia",48634,7064
1500000US131210112011,131210112011,"Block Group 1, Census Tract 112.01, Fulton County, Georgia",31288,7917
1500000US131210112012,131210112012,"Block Group 2, Census Tract 112.01, Fulton County, Georgia",27151,13574
1500000US131210112013,131210112013,"Block Group 3, Census Tract 112.01, Fulton County, Georgia",37949,5924
1500000US131210112021,131210112021,"Block Group 1, Census Tract 112.02, Fulton County, Georgia",42071,2586
1500000US131210112022,131210112022,"Block Group 2, Census Tract 112.02, Fulton County, Georgia",36172,29934
1500000US131210112023,131210112023,"Block Group 3, Census Tract 112.02, Fulton County, Georgia",40956,15944
1500000US131210112024,131210112024,"Block Group 4, Census Tract 112.02, Fulton County, Georgia",35000,16318
1500000US131210112025,131210112025,"Block Group 5, Census Tract 112.02, Fulton County, Georgia",25000,11351
1500000US131210112026,131210112026,"Block Group 6, Census Tract 112.02, Fulton County, Georgia",30781,27978
1500000US131210113011,131210113011,"Block Group 1, Census Tract 113.01, Fulton County, Georgia",37059,32425
1500000US131210113012,131210113012,"Block Group 2, Census Tract 113.01, Fulton County, Georgia",34233,17938
1500000US131210113013,131210113013,"Block Group 3, Census Tract 113.01, Fulton County, Georgia",56417,26927
1500000US131210113014,131210113014,"Block Group 4, Census Tract 113.01, Fulton County, Georgia",43929,29848
1500000US131210113015,131210113015,"Block Group 5, Census Tract 113.01, Fulton County, Georgia",46667,15518
1500000US131210113016,131210113016,"Block Group 6, Census Tract 113.01, Fulton County, Georgia",40300,20290
1500000US131210113031,131210113031,"Block Group 1, Census Tract 113.03, Fulton County, Georgia",60059,14196
1500000US131210113032,131210113032,"Block Group 2, Census Tract 113.03, Fulton County, Georgia",39448,15995
1500000US131210113033,131210113033,"Block Group 3, Census Tract 113.03, Fulton County, Georgia",43368,15282
1500000US131210113034,131210113034,"Block Group 4, Census Tract 113.03, Fulton County, Georgia",25321,11985
1500000US131210113035,131210113035,"Block Group 5, Census Tract 113.03, Fulton County, Georgia",25769,17582
1500000US131210113051,131210113051,"Block Group 1, Census Tract 113.05, Fulton County, Georgia",25451,8071
1500000US131210113052,131210113052,"Block Group 2, Census Tract 113.05, Fulton County, Georgia",27349,6545
1500000US131210113053,131210113053,"Block Group 3, Census Tract 113.05, Fulton County, Georgia",20625,8405
1500000US131210113061,131210113061,"Block Group 1, Census Tract 113.06, Fulton County, Georgia",25658,8896
1500000US131210113062,131210113062,"Block Group 2, Census Tract 113.06, Fulton County, Georgia",59426,11561
1500000US131210114051,131210114051,"Block Group 1, Census Tract 114.05, Fulton County, Georgia",58917,33646
1500000US131210114052,131210114052,"Block Group 2, Census Tract 114.05, Fulton County, Georgia",74792,56413
1500000US131210114053,131210114053,"Block Group 3, Census Tract 114.05, Fulton County, Georgia",60372,29903
1500000US131210114054,131210114054,"Block Group 4, Census Tract 114.05, Fulton County, Georgia",53042,10505
1500000US131210114101,131210114101,"Block Group 1, Census Tract 114.10, Fulton County, Georgia",101250,45772
1500000US131210114102,131210114102,"Block Group 2, Census Tract 114.10, Fulton County, Georgia",100978,21114
1500000US131210114103,131210114103,"Block Group 3, Census Tract 114.10, Fulton County, Georgia",115536,18775
1500000US131210114111,131210114111,"Block Group 1, Census Tract 114.11, Fulton County, Georgia",66394,17071
1500000US131210114112,131210114112,"Block Group 2, Census Tract 114.11, Fulton County, Georgia",72411,29818
1500000US131210114113,131210114113,"Block Group 3, Census Tract 114.11, Fulton County, Georgia",95526,53534
1500000US131210114114,131210114114,"Block Group 4, Census Tract 114.11, Fulton County, Georgia",84688,26695
1500000US131210114115,131210114115,"Block Group 5, Census Tract 114.11, Fulton County, Georgia",116607,26693
1500000US131210114121,131210114121,"Block Group 1, Census Tract 114.12, Fulton County, Georgia",84688,31894
1500000US131210114122,131210114122,"Block Group 2, Census Tract 114.12, Fulton County, Georgia",57902,13141
1500000US131210114123,131210114123,"Block Group 3, Census Tract 114.12, Fulton County, Georgia",81995,20107
1500000US131210114141,131210114141,"Block Group 1, Census Tract 114.14, Fulton County, Georgia",47996,10962
1500000US131210114142,131210114142,"Block Group 2, Census Tract 114.14, Fulton County, Georgia",151979,57447
1500000US131210114143,131210114143,"Block Group 3, Census Tract 114.14, Fulton County, Georgia",154643,25759
1500000US131210114144,131210114144,"Block Group 4, Census Tract 114.14, Fulton County, Georgia",48259,20545
1500000US131210114161,131210114161,"Block Group 1, Census Tract 114.16, Fulton County, Georgia",107333,20529
1500000US131210114162,131210114162,"Block Group 2, Census Tract 114.16, Fulton County, Georgia",85508,20054
1500000US131210114163,131210114163,"Block Group 3, Census Tract 114.16, Fulton County, Georgia",110859,32770
1500000US131210114171,131210114171,"Block Group 1, Census Tract 114.17, Fulton County, Georgia",113036,43629
1500000US131210114172,131210114172,"Block Group 2, Census Tract 114.17, Fulton County, Georgia",91763,21249
1500000US131210114173,131210114173,"Block Group 3, Census Tract 114.17, Fulton County, Georgia",78472,22613
1500000US131210114174,131210114174,"Block Group 4, Census Tract 114.17, Fulton County, Georgia",106875,44252
1500000US131210114181,131210114181,"Block Group 1, Census Tract 114.18, Fulton County, Georgia",140341,29757
1500000US131210114182,131210114182,"Block Group 2, Census Tract 114.18, Fulton County, Georgia",111149,20805
1500000US131210114183,131210114183,"Block Group 3, Census Tract 114.18, Fulton County, Georgia",149821,6624
1500000US131210114184,131210114184,"Block Group 4, Census Tract 114.18, Fulton County, Georgia",94222,21716
1500000US131210114191,131210114191,"Block Group 1, Census Tract 114.19, Fulton County, Georgia",150344,85293
1500000US131210114192,131210114192,"Block Group 2, Census Tract 114.19, Fulton County, Georgia",81316,44138
1500000US131210114193,131210114193,"Block Group 3, Census Tract 114.19, Fulton County, Georgia",93155,30267
1500000US131210114201,131210114201,"Block Group 1, Census Tract 114.20, Fulton County, Georgia",37716,14602
1500000US131210114202,131210114202,"Block Group 2, Census Tract 114.20, Fulton County, Georgia",30552,15399
1500000US131210114203,131210114203,"Block Group 3, Census Tract 114.20, Fulton County, Georgia",41875,6443
1500000US131210114211,131210114211,"Block Group 1, Census Tract 114.21, Fulton County, Georgia",51635,6489
1500000US131210114212,131210114212,"Block Group 2, Census Tract 114.21, Fulton County, Georgia",35915,8138
1500000US131210114221,131210114221,"Block Group 1, Census Tract 114.22, Fulton County, Georgia",54125,23312
1500000US131210114222,131210114222,"Block Group 2, Census Tract 114.22, Fulton County, Georgia",103472,39274
1500000US131210114231,131210114231,"Block Group 1, Census Tract 114.23, Fulton County, Georgia",95156,34767
1500000US131210114232,131210114232,"Block Group 2, Census Tract 114.23, Fulton County, Georgia",154750,46194
1500000US131210114233,131210114233,"Block Group 3, Census Tract 114.23, Fulton County, Georgia",100962,16539
1500000US131210114234,131210114234,"Block Group 4, Census Tract 114.23, Fulton County, Georgia",134868,25241
1500000US131210114241,131210114241,"Block Group 1, Census Tract 114.24, Fulton County, Georgia",121250,24013
1500000US131210114242,131210114242,"Block Group 2, Census Tract 114.24, Fulton County, Georgia",85372,16849
1500000US131210114251,131210114251,"Block Group 1, Census Tract 114.25, Fulton County, Georgia",198214,50750
1500000US131210114252,131210114252,"Block Group 2, Census Tract 114.25, Fulton County, Georgia",159702,31120
1500000US131210114253,131210114253,"Block Group 3, Census Tract 114.25, Fulton County, Georgia",195556,86748
1500000US131210114261,131210114261,"Block Group 1, Census Tract 114.26, Fulton County, Georgia",91696,21433
1500000US131210114271,131210114271,"Block Group 1, Census Tract 114.27, Fulton County, Georgia",111639,17970
1500000US131210114272,131210114272,"Block Group 2, Census Tract 114.27, Fulton County, Georgia",82075,16803
1500000US131210114273,131210114273,"Block Group 3, Census Tract 114.27, Fulton County, Georgia",104683,22194
1500000US131210115031,131210115031,"Block Group 1, Census Tract 115.03, Fulton County, Georgia",127279,34802
1500000US131210115032,131210115032,"Block Group 2, Census Tract 115.03, Fulton County, Georgia",119539,48621
1500000US131210115033,131210115033,"Block Group 3, Census Tract 115.03, Fulton County, Georgia",136667,57277
1500000US131210115041,131210115041,"Block Group 1, Census Tract 115.04, Fulton County, Georgia",128377,46112
1500000US131210115042,131210115042,"Block Group 2, Census Tract 115.04, Fulton County, Georgia",147415,30574
1500000US131210115043,131210115043,"Block Group 3, Census Tract 115.04, Fulton County, Georgia",216144,37227
1500000US131210115044,131210115044,"Block Group 4, Census Tract 115.04, Fulton County, Georgia",132344,41826
1500000US131210115051,131210115051,"Block Group 1, Census Tract 115.05, Fulton County, Georgia",161616,25002
1500000US131210115052,131210115052,"Block Group 2, Census Tract 115.05, Fulton County, Georgia",154648,91189
1500000US131210115061,131210115061,"Block Group 1, Census Tract 115.06, Fulton County, Georgia",158083,12432
1500000US131210115062,131210115062,"Block Group 2, Census Tract 115.06, Fulton County, Georgia",122212,16289
1500000US131210115063,131210115063,"Block Group 3, Census Tract 115.06, Fulton County, Georgia",163984,53672
1500000US131210116101,131210116101,"Block Group 1, Census Tract 116.10, Fulton County, Georgia",119116,13685
1500000US131210116102,131210116102,"Block Group 2, Census Tract 116.10, Fulton County, Georgia",75382,13356
1500000US131210116111,131210116111,"Block Group 1, Census Tract 116.11, Fulton County, Georgia",55724,21089
1500000US131210116112,131210116112,"Block Group 2, Census Tract 116.11, Fulton County, Georgia",59338,42489
1500000US131210116113,131210116113,"Block Group 3, Census Tract 116.11, Fulton County, Georgia",51023,25854
1500000US131210116121,131210116121,"Block Group 1, Census Tract 116.12, Fulton County, Georgia",115515,38074
1500000US131210116122,131210116122,"Block Group 2, Census Tract 116.12, Fulton County, Georgia",93681,31357
1500000US131210116131,131210116131,"Block Group 1, Census Tract 116.13, Fulton County, Georgia",94071,15534
1500000US131210116132,131210116132,"Block Group 2, Census Tract 116.13, Fulton County, Georgia",111250,49670
1500000US131210116141,131210116141,"Block Group 1, Census Tract 116.14, Fulton County, Georgia",61644,17516
1500000US131210116142,131210116142,"Block Group 2, Census Tract 116.14, Fulton County, Georgia",76936,11841
1500000US131210116143,131210116143,"Block Group 3, Census Tract 116.14, Fulton County, Georgia",69860,9430
1500000US131210116151,131210116151,"Block Group 1, Census Tract 116.15, Fulton County, Georgia",156490,61422
1500000US131210116152,131210116152,"Block Group 2, Census Tract 116.15, Fulton County, Georgia",211250,88491
1500000US131210116153,131210116153,"Block Group 3, Census Tract 116.15, Fulton County, Georgia",137813,35949
1500000US131210116161,131210116161,"Block Group 1, Census Tract 116.16, Fulton County, Georgia",62547,16336
1500000US131210116162,131210116162,"Block Group 2, Census Tract 116.16, Fulton County, Georgia",61352,40770
1500000US131210116163,131210116163,"Block Group 3, Census Tract 116.16, Fulton County, Georgia",80893,41100
1500000US131210116171,131210116171,"Block Group 1, Census Tract 116.17, Fulton County, Georgia",111923,18565
1500000US131210116172,131210116172,"Block Group 2, Census Tract 116.17, Fulton County, Georgia",72647,28545
1500000US131210116173,131210116173,"Block Group 3, Census Tract 116.17, Fulton County, Georgia",131900,35943
1500000US131210116181,131210116181,"Block Group 1, Census Tract 116.18, Fulton County, Georgia",101161,16580
1500000US131210116191,131210116191,"Block Group 1, Census Tract 116.19, Fulton County, Georgia",67460,30239
1500000US131210116192,131210116192,"Block Group 2, Census Tract 116.19, Fulton County, Georgia",51603,21661
1500000US131210116193,131210116193,"Block Group 3, Census Tract 116.19, Fulton County, Georgia",102569,10843
1500000US131210116201,131210116201,"Block Group 1, Census Tract 116.20, Fulton County, Georgia",120568,20311
1500000US131210116202,131210116202,"Block Group 2, Census Tract 116.20, Fulton County, Georgia",111250,48351
1500000US131210116203,131210116203,"Block Group 3, Census Tract 116.20, Fulton County, Georgia",59931,29789
1500000US131210116211,131210116211,"Block Group 1, Census Tract 116.21, Fulton County, Georgia",55347,31974
1500000US131210116212,131210116212,"Block Group 2, Census Tract 116.21, Fulton County, Georgia",195804,72561
1500000US131210116213,131210116213,"Block Group 3, Census Tract 116.21, Fulton County, Georgia",132061,48435
1500000US131210116221,131210116221,"Block Group 1, Census Tract 116.22, Fulton County, Georgia",140132,32006
1500000US131210116222,131210116222,"Block Group 2, Census Tract 116.22, Fulton County, Georgia",140750,22085
1500000US131210116223,131210116223,"Block Group 3, Census Tract 116.22, Fulton County, Georgia",132727,14364
1500000US131210116231,131210116231,"Block Group 1, Census Tract 116.23, Fulton County, Georgia",100759,41417
1500000US131210116232,131210116232,"Block Group 2, Census Tract 116.23, Fulton County, Georgia",92681,22124
1500000US131210116233,131210116233,"Block Group 3, Census Tract 116.23, Fulton County, Georgia",99457,26049
1500000US131210116234,131210116234,"Block Group 4, Census Tract 116.23, Fulton County, Georgia",99792,66449
1500000US131210116241,131210116241,"Block Group 1, Census Tract 116.24, Fulton County, Georgia",156705,9714
1500000US131210116242,131210116242,"Block Group 2, Census Tract 116.24, Fulton County, Georgia",180104,17331
1500000US131210116251,131210116251,"Block Group 1, Census Tract 116.25, Fulton County, Georgia",87857,33388
1500000US131210116252,131210116252,"Block Group 2, Census Tract 116.25, Fulton County, Georgia",106853,15498
1500000US131210116253,131210116253,"Block Group 3, Census Tract 116.25, Fulton County, Georgia",155781,40184
1500000US131210116261,131210116261,"Block Group 1, Census Tract 116.26, Fulton County, Georgia",69209,8822
1500000US131210116262,131210116262,"Block Group 2, Census Tract 116.26, Fulton County, Georgia",94107,23259
1500000US131210118002,131210118002,"Block Group 2, Census Tract 118, Fulton County, Georgia",5323,4094
1500000US131210118003,131210118003,"Block Group 3, Census Tract 118, Fulton County, Georgia",19261,12519
1500000US131210119001,131210119001,"Block Group 1, Census Tract 119, Fulton County, Georgia",30339,8882
1500000US131210119002,131210119002,"Block Group 2, Census Tract 119, Fulton County, Georgia",25078,12591
1500000US131210120001,131210120001,"Block Group 1, Census Tract 120, Fulton County, Georgia",16447,4940
1500000US131210120002,131210120002,"Block Group 2, Census Tract 120, Fulton County, Georgia",21823,11370
1500000US131210123001,131210123001,"Block Group 1, Census Tract 123, Fulton County, Georgia",70446,8564
1500000US131210123002,131210123002,"Block Group 2, Census Tract 123, Fulton County, Georgia",28536,10482
1500000US131210123003,131210123003,"Block Group 3, Census Tract 123, Fulton County, Georgia",95781,44732
1500000US131219800001,131219800001,"Block Group 1, Census Tract 9800, Fulton County, Georgia",-,**
